,NormMSE,1-PCC,split,subgroup,Method
ETS2+TGFBR2,0.06645844,0.03140898950403481,1,seen2,Scouter
ELMSAN1+ctrl,0.12352527,0.06595953140584276,1,single,Scouter
PTPN12+UBASH3B,0.012449556,0.002213649302692633,1,seen1,Scouter
ETS2+IGDCC3,0.09587185,0.032977086256257615,1,seen2,Scouter
KLF1+ctrl,0.054833673,0.015722813349069553,1,single,Scouter
BAK1+ctrl,0.46494424,0.17026547394965774,1,single,Scouter
LHX1+ctrl,0.10899026,0.03868605580363982,1,single,Scouter
DUSP9+MAPK1,0.11662805,0.025199154436207793,1,seen1,Scouter
COL2A1+ctrl,0.2530434,0.09376961605149037,1,single,Scouter
UBASH3B+ctrl,0.14571664,0.02617513217348244,1,single,Scouter
CEBPE+SET,0.2777247,0.06049602040683222,1,seen2,Scouter
PTPN9+UBASH3B,0.02581905,0.004264436505935998,1,seen1,Scouter
S1PR2+ctrl,0.120079204,0.09935487772505613,1,single,Scouter
CELF2+ctrl,0.99830616,0.7110384847018298,1,single,Scouter
MAP4K3+ctrl,1.5028225,0.9386117458723371,1,single,Scouter
CDKN1A+ctrl,0.06340765,0.02230417823472164,1,single,Scouter
MAPK1+ctrl,0.057430334,0.007285993778346045,1,single,Scouter
IKZF3+ctrl,0.009646442,0.004466340185454443,1,single,Scouter
HOXC13+ctrl,0.09947636,0.0237950757649682,1,single,Scouter
BCL2L11+TGFBR2,0.1403493,0.04537230037230122,1,seen2,Scouter
AHR+KLF1,0.03370053,0.057061459364819433,1,seen1,Scouter
PLK4+ctrl,0.33241874,0.08101526330467201,1,single,Scouter
FOXL2+ctrl,0.113654114,0.04815698614283481,1,single,Scouter
CEBPE+FOSB,0.12454305,0.024735693883304433,1,seen2,Scouter
CEBPA+ctrl,0.08294953,0.0028598326602243818,1,single,Scouter
CEBPB+FOSB,0.19263928,0.035866556796549376,1,seen1,Scouter
KLF1+SET,0.2404837,0.11579910745424304,1,seen1,Scouter
CNN1+UBASH3A,0.16093549,0.016178345685122775,1,seen2,Scouter
ELMSAN1+MAP2K6,0.077186935,0.019013010444759226,1,seen1,Scouter
CEBPA+KLF1,0.08375575,0.04525670573317797,1,seen0,Scouter
IGDCC3+TGFBR2,0.042779975,0.01746706025724365,1,seen2,Scouter
SAMD1+ZBTB1,0.09355592,0.024646115110389832,1,seen1,Scouter
NCL+ctrl,0.7198318,0.558922369532301,1,single,Scouter
OSR2+ctrl,0.15128191,0.04134867763237615,1,single,Scouter
SPI1+ctrl,0.04000975,0.007435977243595571,1,single,Scouter
CEBPB+ctrl,0.15430298,0.006324315134762171,1,single,Scouter
CEBPB+OSR2,0.08253696,0.02995182059093804,1,seen0,Scouter
ETS2+MAP7D1,0.15113312,0.01938711082743705,1,seen2,Scouter
AHR+FEV,0.055795267,0.023441117303597436,1,seen2,Scouter
KLF1+TGFBR2,0.052311946,0.0122031685984626,1,seen1,Scouter
PRDM1+ctrl,0.026825882,0.013812426550820156,1,single,Scouter
FOSB+OSR2,0.13414411,0.049611786977133976,1,seen1,Scouter
C19orf26+TGFBR2,0.15641388,0.04009421691331505,1,seen2,Scouter
CDKN1A+CDKN1C,0.066816315,0.015684407494942376,1,seen1,Scouter
FOXA1+FOXF1,0.028023494,0.006803537403991977,1,seen2,Scouter
IGDCC3+PRTG,0.13110451,0.01481792196924081,1,seen2,Scouter
C3orf72+FOXL2,0.18923883,0.0469831587106766,1,seen1,Scouter
TSC22D1+ctrl,0.7885093,0.5674693375933821,2,single,Scouter
MAML2+ctrl,1.5309283,1.2480157094359594,2,single,Scouter
CEBPE+ctrl,0.09811561,0.00442315968707796,2,single,Scouter
SGK1+TBX3,0.016266573,0.005906837393188424,2,seen2,Scouter
FOXA1+ctrl,0.13138504,0.06116795908430517,2,single,Scouter
FOXA1+FOXA3,0.037898846,0.016701991315138387,2,seen1,Scouter
BCORL1+ctrl,0.8444604,0.5797310754357057,2,single,Scouter
GLB1L2+ctrl,0.9038933,0.4392930261579069,2,single,Scouter
KLF1+ctrl,0.032356296,0.015165281513676021,2,single,Scouter
IKZF3+MAP2K6,0.010811293,0.009477669876403638,2,seen2,Scouter
CBL+ctrl,0.086485185,0.04381740598832995,2,single,Scouter
ETS2+ctrl,0.08870835,0.016122463726820024,2,single,Scouter
LHX1+ctrl,0.06737694,0.024483752717685547,2,single,Scouter
ZNF318+ctrl,0.37915602,0.17520238431648183,2,single,Scouter
DUSP9+MAPK1,0.37362665,0.10840875388084636,2,seen2,Scouter
SLC6A9+ctrl,0.6477138,0.42750814902122913,2,single,Scouter
DUSP9+ETS2,0.16586913,0.07946466426517163,2,seen1,Scouter
CEBPE+SET,0.11553895,0.05031115527358643,2,seen0,Scouter
PTPN9+UBASH3B,0.043556996,0.0027805090372288177,2,seen2,Scouter
CELF2+ctrl,0.76529527,0.40202536071001393,2,single,Scouter
COL2A1+KLF1,0.08744788,0.06639562131004517,2,seen1,Scouter
IKZF3+MAPK1,0.018109359,0.010703651732569042,2,seen2,Scouter
CKS1B+ctrl,1.0010366,0.9637761591610342,2,single,Scouter
FOXF1+ctrl,0.065905206,0.03045087657303258,2,single,Scouter
MAPK1+TGFBR2,0.0119076,0.003940419636258019,2,seen2,Scouter
PTPN12+SNAI1,0.028416293,0.0151975666080576,2,seen1,Scouter
KMT2A+ctrl,1.2344503,1.3126774243478159,2,single,Scouter
IGDCC3+TGFBR2,0.014911883,0.003743314036378398,2,seen2,Scouter
TMSB4X+ctrl,0.14060766,0.06522229521309542,2,single,Scouter
FOXA3+HOXB9,0.025407963,0.007953911475770958,2,seen2,Scouter
CNNM4+ctrl,0.5104844,0.3222635683332069,2,single,Scouter
PTPN12+ZBTB10,0.045412492,0.020434664048251783,2,seen2,Scouter
CBL+UBASH3B,0.04878314,0.005282712453337557,2,seen1,Scouter
CEBPB+PTPN12,0.058482442,0.015974383771868772,2,seen2,Scouter
ZC3HAV1+ctrl,0.5983195,0.4908529660860874,2,single,Scouter
ETS2+MAPK1,0.09604398,0.03758942752725636,2,seen1,Scouter
DUSP9+IGDCC3,0.008038865,0.003297174036218764,2,seen2,Scouter
S1PR2+SGK1,0.07797624,0.04922578605218564,2,seen2,Scouter
NIT1+ctrl,1.1217937,0.8787845910296129,2,single,Scouter
FOXA1+FOXL2,0.034217402,0.009602981546263822,2,seen1,Scouter
FOXF1+FOXL2,0.06227012,0.01501652668905118,2,seen1,Scouter
AHR+FEV,0.14690025,0.0576247088416284,2,seen2,Scouter
CBFA2T3+FEV,0.14196533,0.03844627910159604,2,seen2,Scouter
CITED1+ctrl,0.6056991,0.21556989482121525,2,single,Scouter
BPGM+ZBTB1,0.020679457,0.0045513573503952465,2,seen2,Scouter
DLX2+SNAI1,0.1750299,0.07963283740027605,2,seen1,Scouter
TSC22D1+ctrl,1.0275211,0.8604085719664217,3,single,Scouter
SGK1+TBX3,0.05204876,0.010390099568553635,3,seen1,Scouter
MAP2K6+SPI1,0.4555049,0.07511969720795442,3,seen2,Scouter
ELMSAN1+ctrl,0.07050551,0.04202179129129324,3,single,Scouter
MEIS1+ctrl,0.05743673,0.027409057583147156,3,single,Scouter
KLF1+ctrl,0.039362274,0.011553874174585976,3,single,Scouter
CBL+ctrl,0.15252577,0.07159919084594035,3,single,Scouter
FOXA1+KLF1,0.10271403,0.09511585109808318,3,seen1,Scouter
TBX2+TBX3,0.16473392,0.06487092454779064,3,seen1,Scouter
DUSP9+MAPK1,0.23467243,0.035766624991182994,3,seen2,Scouter
UBASH3B+ctrl,0.088300936,0.01629184537525441,3,single,Scouter
MIDN+ctrl,0.7237367,0.24683745912417843,3,single,Scouter
UBASH3B+ZBTB25,0.011256659,0.005241848294153972,3,seen1,Scouter
DUSP9+ETS2,0.108084284,0.047494859189142424,3,seen2,Scouter
PTPN9+UBASH3B,0.052829113,0.004683667848506379,3,seen1,Scouter
CNN1+ctrl,0.015965085,0.007502758922857566,3,single,Scouter
TBX2+ctrl,0.31008494,0.0645954729021112,3,single,Scouter
IER5L+ctrl,0.5356988,0.22464435746838785,3,single,Scouter
TP73+ctrl,0.9206769,0.6191331261950899,3,single,Scouter
CEBPE+ETS2,0.04362927,0.011197526958098392,3,seen2,Scouter
HOXC13+ctrl,0.09654911,0.02609680038045159,3,single,Scouter
IKZF3+MAPK1,0.013928278,0.00801361839834902,3,seen2,Scouter
ELMSAN1+LHX1,0.08615094,0.052906761059063445,3,seen1,Scouter
CKS1B+ctrl,0.92971754,0.8330015928389988,3,single,Scouter
KIF18B+KIF2C,0.19412677,0.03537070760043082,3,seen2,Scouter
COL1A1+ctrl,0.28988034,0.08112255821572201,3,single,Scouter
ZBTB1+ctrl,0.10131923,0.047657792065210036,3,single,Scouter
CNN1+MAPK1,0.034368183,0.01715451172383764,3,seen1,Scouter
LYL1+ctrl,0.7645645,0.27473766215254036,3,single,Scouter
BAK1+BCL2L11,0.1510287,0.06436079396739802,3,seen2,Scouter
IGDCC3+ctrl,0.04065343,0.010656119100547978,3,single,Scouter
IGDCC3+TGFBR2,0.023507934,0.009718574937653823,3,seen0,Scouter
IRF1+SET,0.06257623,0.05440841762400084,3,seen2,Scouter
ARID1A+ctrl,0.29721627,0.11257731666152726,3,single,Scouter
FOXF1+HOXB9,0.017522516,0.006101478692080442,3,seen2,Scouter
STIL+ctrl,0.06277687,0.06594683089719477,3,single,Scouter
FOXA1+FOXL2,0.009914221,0.003391689733689196,3,seen2,Scouter
CEBPB+LYL1,0.24205618,0.1363989214033523,3,seen1,Scouter
RHOXF2BB+SET,0.060353443,0.011924653719673217,3,seen2,Scouter
PRDM1+ctrl,0.03849384,0.01920767041632676,3,single,Scouter
ELMSAN1+ZBTB10,0.069759175,0.011050398963983965,3,seen1,Scouter
BPGM+ZBTB1,0.03145472,0.01821946053461243,3,seen1,Scouter
CEBPB+CEBPE,0.033524964,0.012331786779114617,3,seen2,Scouter
CDKN1A+CDKN1C,0.026939988,0.006023122127393199,3,seen1,Scouter
CDKN1C+ctrl,0.14899692,0.023454472347225752,3,single,Scouter
MAML2+ctrl,1.4110562,1.2337157723205032,4,single,Scouter
ELMSAN1+ctrl,0.1553216,0.05339915987250199,4,single,Scouter
PTPN12+UBASH3B,0.037943978,0.008410207978335027,4,seen1,Scouter
ETS2+IGDCC3,0.094038285,0.038221598583733196,4,seen2,Scouter
IKZF3+MAP2K6,0.012253655,0.010896170052568044,4,seen2,Scouter
TBX3+ctrl,0.035618793,0.005153976729952436,4,single,Scouter
UBASH3B+ctrl,0.031200677,0.013108901639071413,4,single,Scouter
MIDN+ctrl,0.88627696,0.4832455511668259,4,single,Scouter
IER5L+ctrl,0.56633794,0.23488725251487652,4,single,Scouter
COL2A1+KLF1,0.09621153,0.07263909390680645,4,seen2,Scouter
IKZF3+MAPK1,0.009732395,0.006446631093753208,4,seen2,Scouter
CKS1B+ctrl,0.92664576,0.8388327780040457,4,single,Scouter
FOXA3+ctrl,0.04749736,0.02348522304113121,4,single,Scouter
KIF18B+KIF2C,0.18613003,0.03706558807121996,4,seen2,Scouter
ZBTB1+ctrl,0.16286182,0.048147307208990964,4,single,Scouter
BPGM+ctrl,0.094915375,0.016341033127194815,4,single,Scouter
LYL1+ctrl,0.745812,0.24257753819602468,4,single,Scouter
SGK1+ctrl,0.074541606,0.021747611348432838,4,single,Scouter
MAPK1+TGFBR2,0.027520554,0.0032691070786223797,4,seen1,Scouter
PTPN12+PTPN9,0.016697224,0.0037176331697114096,4,seen1,Scouter
KMT2A+ctrl,0.9099216,0.7174498888586186,4,single,Scouter
BAK1+BCL2L11,0.15605094,0.07192093612339001,4,seen2,Scouter
TMSB4X+ctrl,0.19605276,0.09232026090032319,4,single,Scouter
ELMSAN1+MAP2K3,0.09868794,0.015292533772961248,4,seen1,Scouter
ARID1A+ctrl,0.40804225,0.11950989452631888,4,single,Scouter
NCL+ctrl,1.2101072,1.0965235387253434,4,single,Scouter
HOXC13+ZC3HAV1,0.031628434,0.008880009967558444,4,seen2,Scouter
CBL+CNN1,0.044789378,0.009565648852028041,4,seen2,Scouter
CNN1+UBASH3B,0.08630956,0.010571110953129237,4,seen1,Scouter
CEBPB+ctrl,0.026429208,0.008378177683847188,4,single,Scouter
CBL+PTPN12,0.009703804,0.003906624194584429,4,seen2,Scouter
CEBPB+OSR2,0.03114865,0.022127329852914768,4,seen1,Scouter
ATL1+ctrl,0.7598785,0.3246484837834084,4,single,Scouter
TGFBR2+ctrl,0.15239078,0.04865817064963496,4,single,Scouter
PTPN13+ctrl,0.87072825,0.5701619960895171,4,single,Scouter
CBL+TGFBR2,0.015546608,0.008821677913089188,4,seen1,Scouter
FOXF1+FOXL2,0.08907357,0.014134687613751251,4,seen2,Scouter
ETS2+PRTG,0.027054846,0.010642967419014382,4,seen2,Scouter
CEBPB+LYL1,0.22290741,0.11585595202576948,4,seen0,Scouter
CITED1+ctrl,0.2881215,0.11166886028555123,4,single,Scouter
FOSB+IKZF3,0.047557894,0.01080177921105141,4,seen2,Scouter
CEBPB+CEBPE,0.122219734,0.02355242513865763,4,seen1,Scouter
CBFA2T3+PRDM1,0.07200027,0.01780152995567641,4,seen2,Scouter
CEBPA+ZC3HAV1,0.053423345,0.007073791166972043,4,seen2,Scouter
CDKN1A+CDKN1C,0.028410219,0.005691419034973166,4,seen2,Scouter
DLX2+SNAI1,0.11038703,0.05430532239994523,4,seen2,Scouter
CEBPE+ctrl,0.18643728,0.007623140951913632,5,single,Scouter
FOXA1+FOXA3,0.045041014,0.01439480180129915,5,seen1,Scouter
MEIS1+ctrl,0.06666967,0.03499025729334859,5,single,Scouter
RREB1+ctrl,1.8428028,1.7902563476863897,5,single,Scouter
DUSP9+MAPK1,0.20017825,0.04417331767043675,5,seen2,Scouter
MIDN+ctrl,0.9763906,0.7899396716802193,5,single,Scouter
HES7+ctrl,0.6370543,0.20462894132213527,5,single,Scouter
S1PR2+ctrl,0.67075676,0.27357981932468345,5,single,Scouter
IGDCC3+MAPK1,0.063005134,0.028811765907491238,5,seen2,Scouter
CELF2+ctrl,0.8197586,0.4897119692062373,5,single,Scouter
CDKN1A+ctrl,0.07855621,0.017384395323046586,5,single,Scouter
UBASH3A+UBASH3B,0.2631022,0.02130521454496559,5,seen2,Scouter
MAP2K3+MAP2K6,0.13278143,0.047219663724958005,5,seen1,Scouter
FOSB+ctrl,0.057274345,0.03121729713338961,5,single,Scouter
BAK1+TMSB4X,0.0491867,0.018358125825013838,5,seen2,Scouter
HOXB9+ctrl,0.054853916,0.02604904790989282,5,single,Scouter
ELMSAN1+LHX1,0.055613797,0.0305034694508034,5,seen2,Scouter
CKS1B+ctrl,1.2390393,1.6837129114365168,5,single,Scouter
FOXA3+ctrl,0.04590916,0.019853621878715977,5,single,Scouter
PTPN12+UBASH3A,0.08733365,0.004966087906645988,5,seen2,Scouter
FEV+MAP7D1,0.016806414,0.008616093376418776,5,seen2,Scouter
MAP2K6+ctrl,0.3591528,0.18216244495879008,5,single,Scouter
ELMSAN1+MAP2K6,0.06790169,0.03229792601079562,5,seen1,Scouter
CEBPA+KLF1,0.05032627,0.02711918702353877,5,seen2,Scouter
CEBPE+CNN1,0.07566618,0.03408861999257984,5,seen1,Scouter
BCL2L11+ctrl,0.52079993,0.3198062559570446,5,single,Scouter
STIL+ctrl,0.50235355,0.5066519525259268,5,single,Scouter
DUSP9+IGDCC3,0.042052805,0.003622973018756026,5,seen2,Scouter
S1PR2+SGK1,0.43402207,0.20331931208342513,5,seen1,Scouter
NIT1+ctrl,0.96379673,0.6749236047382314,5,single,Scouter
CDKN1B+ctrl,0.038329132,0.014034577234349643,5,single,Scouter
CLDN6+KLF1,0.102938265,0.08660926598042995,5,seen1,Scouter
JUN+ctrl,0.16395085,0.07490157733753755,5,single,Scouter
ZBTB10+ctrl,0.034475673,0.013445011896647152,5,single,Scouter
ETS2+PRTG,0.033810757,0.00973876626674719,5,seen2,Scouter
KLF1+TGFBR2,0.010208454,0.004629146335831558,5,seen2,Scouter
ETS2+IKZF3,0.020341517,0.013826767547295615,5,seen2,Scouter
PTPN9+ctrl,0.110559635,0.04965004284299501,5,single,Scouter
RHOXF2BB+ZBTB25,0.026626911,0.00840500572889702,5,seen2,Scouter
RHOXF2BB+SET,0.054022625,0.009077769065538033,5,seen2,Scouter
HK2+ctrl,0.94429994,0.4437311873040023,5,single,Scouter
BPGM+ZBTB1,0.057998937,0.0054619120347082495,5,seen2,Scouter
CEBPB+CEBPE,0.12032251,0.023676206060596394,5,seen1,Scouter
CEBPA+ZC3HAV1,0.032852646,0.010534361591310826,5,seen2,Scouter
FOXA1+FOXF1,0.029640893,0.013347546668020849,5,seen1,Scouter
CDKN1A+CDKN1B,0.036100682,0.005939525348000574,5,seen0,Scouter
A549_ARID1A+ctrl_1+1,0.5904201865196228,0.19102073289104737,1,single,biolord
A549_BCL2L11+ctrl_1+1,1.610266089439392,1.7687894341652282,1,single,biolord
A549_BCORL1+ctrl_1+1,0.8291847109794617,0.5737568953773007,1,single,biolord
A549_C3orf72+ctrl_1+1,0.6916179060935974,0.3016439463244751,1,single,biolord
A549_CBL+ctrl_1+1,0.4090840220451355,0.19325617875438184,1,single,biolord
A549_CDKN1A+ctrl_1+1,0.3571029603481293,0.09567441372200847,1,single,biolord
A549_CDKN1B+ctrl_1+1,0.339733749628067,0.10436014458537102,1,single,biolord
A549_CDKN1C+ctrl_1+1,0.42943984270095825,0.1554794610128738,1,single,biolord
A549_CEBPB+ctrl_1+1,0.32926061749458313,0.16007816532510333,1,single,biolord
A549_CELF2+ctrl_1+1,1.1817265748977661,1.4547723207506351,1,single,biolord
A549_CKS1B+ctrl_1+1,0.7085179090499878,0.4588165525783552,1,single,biolord
A549_COL2A1+ctrl_1+1,0.6864499449729919,0.27695316879544407,1,single,biolord
A549_DUSP9+ctrl_1+1,0.27127036452293396,0.12881057622144,1,single,biolord
A549_EGR1+ctrl_1+1,0.5526730418205261,0.2536393436603248,1,single,biolord
A549_FOXL2+ctrl_1+1,0.5167677998542786,0.1255148314521648,1,single,biolord
A549_JUN+ctrl_1+1,0.8491131067276001,0.36269512691069394,1,single,biolord
A549_MEIS1+ctrl_1+1,1.8351112604141235,1.4198917872272432,1,single,biolord
A549_ctrl+CDKN1A_1+1,0.42731037735939026,0.12390545336529613,1,single,biolord
A549_ctrl+CDKN1B_1+1,0.2620708644390106,0.10721517959609628,1,single,biolord
A549_ctrl+CEBPB_1+1,0.21412253379821777,0.11587122124183225,1,single,biolord
A549_ctrl+COL2A1_1+1,0.7031142115592957,0.28512891673017293,1,single,biolord
A549_ctrl+FOXL2_1+1,0.5245922207832336,0.12854343163780868,1,single,biolord
A549_ctrl+MEIS1_1+1,1.8680527210235596,1.3911868502327707,1,single,biolord
A549_ctrl+OSR2_1+1,0.7679171562194824,0.49100219609681517,1,single,biolord
A549_ctrl+PRTG_1+1,0.44863161444664,0.0744367728184443,1,single,biolord
A549_ctrl+PTPN9_1+1,0.3969874978065491,0.22179106122348458,1,single,biolord
A549_ctrl+SPI1_1+1,0.09180398285388947,0.04563336819410324,1,single,biolord
A549_OSR2+ctrl_1+1,0.7698205709457397,0.44480757316341624,1,single,biolord
A549_PRDM1+ctrl_1+1,1.3641020059585571,1.617375259520486,1,single,biolord
A549_PRTG+ctrl_1+1,0.46202585101127625,0.07797736729844473,1,single,biolord
A549_PTPN9+ctrl_1+1,0.28962442278862,0.15215534891467541,1,single,biolord
A549_PTPN13+ctrl_1+1,0.8674828410148621,0.6636948168415984,1,single,biolord
A549_S1PR2+ctrl_1+1,0.6120692491531372,0.2509231941367034,1,single,biolord
A549_SLC4A1+ctrl_1+1,1.396102786064148,1.2210296849279985,1,single,biolord
A549_SPI1+ctrl_1+1,0.110207699239254,0.03657928644679487,1,single,biolord
A549_ZBTB10+ctrl_1+1,0.910681426525116,0.6577392177423462,1,single,biolord
A549_C3orf72+FOXL2_1+1,0.38519006967544556,0.1612350357536343,1,seen0,biolord
A549_CBL+PTPN9_1+1,0.1499571055173874,0.038221150636672974,1,seen0,biolord
A549_CDKN1B+CDKN1A_1+1,0.22083371877670288,0.10062807786744088,1,seen0,biolord
A549_CDKN1C+CDKN1A_1+1,0.24426774680614471,0.11526345554739237,1,seen0,biolord
A549_CDKN1C+CDKN1B_1+1,0.2346077561378479,0.09314419596921653,1,seen0,biolord
A549_CEBPB+OSR2_1+1,0.28414928913116455,0.1288523625698872,1,seen0,biolord
A549_DUSP9+PRTG_1+1,0.16944953799247742,0.07305189699400216,1,seen0,biolord
A549_FOXL2+MEIS1_1+1,0.6512703895568848,0.3604332134127617,1,seen0,biolord
A549_JUN+CEBPB_1+1,0.5986358523368835,0.03252472233725712,1,seen0,biolord
A549_BCL2L11+BAK1_1+1,0.5750381350517273,0.3768802164122462,1,seen1,biolord
A549_BCL2L11+TGFBR2_1+1,0.3000396490097046,0.06995314147206955,1,seen1,biolord
A549_CBL+CNN1_1+1,0.16152304410934448,0.039825987587391865,1,seen1,biolord
A549_CBL+PTPN12_1+1,0.08671029657125473,0.023814955027773976,1,seen1,biolord
A549_CBL+TGFBR2_1+1,0.24724680185317993,0.0829158048145473,1,seen1,biolord
A549_CBL+UBASH3A_1+1,0.3712252378463745,0.08387536485679448,1,seen1,biolord
A549_CBL+UBASH3B_1+1,0.2565714418888092,0.03336868483165745,1,seen1,biolord
A549_CEBPB+CEBPA_1+1,0.897642970085144,0.001527709187939763,1,seen1,biolord
A549_CEBPB+MAPK1_1+1,0.5467663407325745,0.011419528163969517,1,seen1,biolord
A549_CEBPB+PTPN12_1+1,0.5651716589927673,0.10529800032963976,1,seen1,biolord
A549_CEBPE+CEBPB_1+1,0.3937245309352875,0.01566395186819136,1,seen1,biolord
A549_CEBPE+SPI1_1+1,0.03938109800219536,0.007497092243283987,1,seen1,biolord
A549_DUSP9+ETS2_1+1,0.48541542887687683,0.2412620096874889,1,seen1,biolord
A549_DUSP9+IGDCC3_1+1,0.10129252076148987,0.048568382364464924,1,seen1,biolord
A549_DUSP9+KLF1_1+1,0.2910260260105133,0.0997484563413309,1,seen1,biolord
A549_DUSP9+MAPK1_1+1,0.2522759437561035,0.0987515365704894,1,seen1,biolord
A549_DUSP9+SNAI1_1+1,0.19071274995803833,0.07399553549475968,1,seen1,biolord
A549_ETS2+PRTG_1+1,0.6851032376289368,0.4283795105293393,1,seen1,biolord
A549_FOSB+CEBPB_1+1,0.06523334234952927,0.01766982558183372,1,seen1,biolord
A549_FOSB+OSR2_1+1,0.2782056927680969,0.11898778739850968,1,seen1,biolord
A549_FOXA1+FOXL2_1+1,0.2135031670331955,0.03702513896860182,1,seen1,biolord
A549_FOXA3+FOXL2_1+1,0.25967875123023987,0.05165026310351095,1,seen1,biolord
A549_FOXF1+FOXL2_1+1,0.31047219038009644,0.0444289293300244,1,seen1,biolord
A549_FOXL2+HOXB9_1+1,0.15400266647338867,0.03858432930428535,1,seen1,biolord
A549_IGDCC3+PRTG_1+1,0.0524204857647419,0.02633738494478166,1,seen1,biolord
A549_JUN+CEBPA_1+1,0.4369920790195465,0.004580905195325613,1,seen1,biolord
A549_KLF1+COL2A1_1+1,0.9563660621643066,0.9261328084394336,1,seen1,biolord
A549_LYL1+CEBPB_1+1,0.5800722241401672,0.22142820234876126,1,seen1,biolord
A549_MAP2K6+SPI1_1+1,0.6557414531707764,0.21115724137052894,1,seen1,biolord
A549_MAPK1+PRTG_1+1,0.5600935816764832,0.34585398458875716,1,seen1,biolord
A549_POU3F2+FOXL2_1+1,0.15922503173351288,0.012195389601401985,1,seen1,biolord
A549_PRDM1+CBFA2T3_1+1,1.184221625328064,1.006513224565424,1,seen1,biolord
A549_PTPN12+OSR2_1+1,0.8015643358230591,0.5284449305618182,1,seen1,biolord
A549_PTPN12+PTPN9_1+1,0.042554646730422974,0.02174969553016126,1,seen1,biolord
A549_SGK1+S1PR2_1+1,0.4413992464542389,0.20437401719391346,1,seen1,biolord
A549_TGFBR2+PRTG_1+1,0.23193120956420898,0.057628789683803916,1,seen1,biolord
A549_UBASH3B+OSR2_1+1,1.289116382598877,1.1030021530859813,1,seen1,biolord
A549_UBASH3B+PTPN9_1+1,0.14598694443702698,0.047720670874696225,1,seen1,biolord
A549_ZBTB10+DLX2_1+1,0.6222490668296814,0.21853891161299543,1,seen1,biolord
A549_ZBTB10+ELMSAN1_1+1,0.6377737522125244,0.26862338397768326,1,seen1,biolord
A549_ZBTB10+PTPN12_1+1,0.5731198787689209,0.2924809964988526,1,seen1,biolord
A549_ZBTB10+SNAI1_1+1,0.3280944228172302,0.06738059208146296,1,seen1,biolord
A549_ZNF318+FOXL2_1+1,0.26400962471961975,0.09546079798019491,1,seen1,biolord
A549_AHR+KLF1_1+1,0.5009999871253967,0.3511037227581255,1,seen2,biolord
A549_CEBPE+CNN1_1+1,0.35049813985824585,0.06987446174025536,1,seen2,biolord
A549_CEBPE+KLF1_1+1,1.1285021305084229,0.8094100291491486,1,seen2,biolord
A549_CNN1+MAPK1_1+1,0.12177086621522903,0.04409290850162506,1,seen2,biolord
A549_ETS2+CEBPE_1+1,0.10019080340862274,0.006527209188789129,1,seen2,biolord
A549_ETS2+CNN1_1+1,0.0691266804933548,0.03064879309386015,1,seen2,biolord
A549_ETS2+MAPK1_1+1,0.10163291543722153,0.014238657313399017,1,seen2,biolord
A549_FEV+ISL2_1+1,0.08243568241596222,0.016614379361271858,1,seen2,biolord
A549_FOSB+CEBPE_1+1,0.055445581674575806,0.023598801344633102,1,seen2,biolord
A549_FOXA1+HOXB9_1+1,0.06102549284696579,0.01883576632826589,1,seen2,biolord
A549_FOXA3+HOXB9_1+1,0.05588072910904884,0.017744628014042974,1,seen2,biolord
A549_KLF1+FOXA1_1+1,0.7559219598770142,0.5597590687248157,1,seen2,biolord
A549_MAP2K3+IKZF3_1+1,0.03575003892183304,0.025467991217738017,1,seen2,biolord
A549_POU3F2+CBFA2T3_1+1,0.09829097241163254,0.04720518036629073,1,seen2,biolord
A549_SNAI1+DLX2_1+1,0.08090437948703766,0.028041769572155317,1,seen2,biolord
A549_TBX3+TBX2_1+1,0.4133264124393463,0.20432270850687928,1,seen2,biolord
A549_UBASH3B+PTPN12_1+1,0.05320694297552109,0.021214671432971954,1,seen2,biolord
A549_UBASH3B+ZBTB25_1+1,0.054001014679670334,0.020972371916286647,1,seen2,biolord
A549_ZC3HAV1+HOXC13_1+1,0.09947097301483154,0.04413960035890341,1,seen2,biolord
A549_BAK1+ctrl_1+1,1.5187592506408691,0.8633272838778794,2,single,biolord
A549_BPGM+ctrl_1+1,0.5348169207572937,0.09744501445675269,2,single,biolord
A549_CEBPA+ctrl_1+1,0.3428899049758911,0.05521607352420688,2,single,biolord
A549_CKS1B+ctrl_1+1,0.8065627217292786,0.4666236731573008,2,single,biolord
A549_CNN1+ctrl_1+1,0.48387613892555237,0.11689198692329228,2,single,biolord
A549_ETS2+ctrl_1+1,3.3604073524475098,1.6919006041716784,2,single,biolord
A549_FOSB+ctrl_1+1,1.0397956371307373,1.0455346499802545,2,single,biolord
A549_FOXA1+ctrl_1+1,0.45215970277786255,0.22323751635849476,2,single,biolord
A549_FOXL2+ctrl_1+1,0.608387291431427,0.374972024706949,2,single,biolord
A549_FOXO4+ctrl_1+1,0.6672626733779907,0.22626760881394148,2,single,biolord
A549_GLB1L2+ctrl_1+1,0.8330434560775757,0.42315750555826526,2,single,biolord
A549_HES7+ctrl_1+1,0.7949274778366089,0.46657339204102755,2,single,biolord
A549_HNF4A+ctrl_1+1,0.8515313267707825,0.695273811230436,2,single,biolord
A549_HOXA13+ctrl_1+1,0.465484082698822,0.029143437583115883,2,single,biolord
A549_IKZF3+ctrl_1+1,0.6066129803657532,0.06885193090420216,2,single,biolord
A549_ISL2+ctrl_1+1,4.829135417938232,1.6098848686087877,2,single,biolord
A549_KIF18B+ctrl_1+1,1.846022129058838,1.3609701580717228,2,single,biolord
A549_MAP2K3+ctrl_1+1,0.6781740188598633,0.48461910733021796,2,single,biolord
A549_MAPK1+ctrl_1+1,1.4900367259979248,1.7728660239372402,2,single,biolord
A549_NIT1+ctrl_1+1,0.7328673601150513,0.26547763917187694,2,single,biolord
A549_ctrl+BAK1_1+1,1.087737798690796,0.7954537934856489,2,single,biolord
A549_ctrl+CEBPA_1+1,0.2617540955543518,0.0543369275983423,2,single,biolord
A549_ctrl+CNN1_1+1,0.5684226751327515,0.10842908165068366,2,single,biolord
A549_ctrl+ETS2_1+1,3.5020182132720947,1.6856225121300668,2,single,biolord
A549_ctrl+FOXA1_1+1,0.5156490206718445,0.2241663238964975,2,single,biolord
A549_ctrl+FOXL2_1+1,0.5670130252838135,0.34241073956218315,2,single,biolord
A549_ctrl+IKZF3_1+1,0.626038134098053,0.07916191723779775,2,single,biolord
A549_ctrl+ISL2_1+1,3.9469873905181885,1.608143932535313,2,single,biolord
A549_ctrl+MAPK1_1+1,1.482646107673645,1.7753778815967962,2,single,biolord
A549_ctrl+PRTG_1+1,0.48848411440849304,0.04779673763550818,2,single,biolord
A549_ctrl+SLC38A2_1+1,1.2515733242034912,1.331467395517393,2,single,biolord
A549_ctrl+UBASH3A_1+1,0.4582328498363495,0.15298003408679506,2,single,biolord
A549_PRTG+ctrl_1+1,0.4977516531944275,0.044376649864716455,2,single,biolord
A549_PTPN13+ctrl_1+1,0.8312068581581116,0.5617711096128915,2,single,biolord
A549_SGK1+ctrl_1+1,0.8258635997772217,0.2604625280946493,2,single,biolord
A549_SLC6A9+ctrl_1+1,0.37562137842178345,0.16973098809830844,2,single,biolord
A549_UBASH3A+ctrl_1+1,0.4462966322898865,0.1286829907039646,2,single,biolord
A549_CNN1+MAPK1_1+1,1.453324317932129,0.9932132693938911,2,seen0,biolord
A549_CNN1+UBASH3A_1+1,0.6962674260139465,0.06724021237459965,2,seen0,biolord
A549_ETS2+CNN1_1+1,1.1086931228637695,0.14559160475619137,2,seen0,biolord
A549_ETS2+IKZF3_1+1,0.10825445502996445,0.09717948202887783,2,seen0,biolord
A549_ETS2+MAPK1_1+1,2.3935327529907227,1.6289588502113475,2,seen0,biolord
A549_ETS2+PRTG_1+1,0.5035299062728882,0.16096411571197677,2,seen0,biolord
A549_FOSB+IKZF3_1+1,0.6346717476844788,0.31030264393484686,2,seen0,biolord
A549_FOXA1+FOXL2_1+1,0.15433746576309204,0.039384308736771345,2,seen0,biolord
A549_MAP2K3+IKZF3_1+1,0.8453190326690674,0.5541195870464435,2,seen0,biolord
A549_MAP2K3+SLC38A2_1+1,1.0565203428268433,0.7144959840225056,2,seen0,biolord
A549_MAPK1+IKZF3_1+1,0.30750980973243713,0.11642261360339035,2,seen0,biolord
A549_MAPK1+PRTG_1+1,0.7511745095252991,0.44972615549340844,2,seen0,biolord
A549_BCL2L11+BAK1_1+1,0.7190487384796143,0.46148890411132015,2,seen1,biolord
A549_BPGM+SAMD1_1+1,0.10019128769636154,0.04462491878075525,2,seen1,biolord
A549_BPGM+ZBTB1_1+1,0.050114523619413376,0.03919963179214392,2,seen1,biolord
A549_C3orf72+FOXL2_1+1,0.2860509157180786,0.1313148493090921,2,seen1,biolord
A549_CBL+CNN1_1+1,0.29105144739151,0.05919656407786533,2,seen1,biolord
A549_CBL+UBASH3A_1+1,0.2776263356208801,0.05543516855686903,2,seen1,biolord
A549_CEBPB+CEBPA_1+1,0.04709376022219658,0.016163346241228282,2,seen1,biolord
A549_CEBPB+MAPK1_1+1,0.30772000551223755,0.10743378312326968,2,seen1,biolord
A549_CEBPE+CEBPA_1+1,0.07159310579299927,0.030153893923852593,2,seen1,biolord
A549_CEBPE+CNN1_1+1,0.5964187383651733,0.24411404703278095,2,seen1,biolord
A549_DUSP9+ETS2_1+1,1.3246169090270996,0.0314630755019607,2,seen1,biolord
A549_DUSP9+MAPK1_1+1,2.453963279724121,0.2541116909123957,2,seen1,biolord
A549_DUSP9+PRTG_1+1,0.021064046770334244,0.00855264812707901,2,seen1,biolord
A549_ETS2+CEBPE_1+1,0.8823797702789307,0.5793347174767405,2,seen1,biolord
A549_ETS2+IGDCC3_1+1,1.8553093671798706,0.14091445947997272,2,seen1,biolord
A549_ETS2+MAP7D1_1+1,1.6402944326400757,1.360785057360772,2,seen1,biolord
A549_FEV+ISL2_1+1,0.09441366046667099,0.047804124653339386,2,seen1,biolord
A549_FOSB+CEBPB_1+1,0.23396025598049164,0.06323953880928457,2,seen1,biolord
A549_FOSB+CEBPE_1+1,0.1411205381155014,0.037752735894173384,2,seen1,biolord
A549_FOSB+OSR2_1+1,0.29165133833885193,0.17346466353046708,2,seen1,biolord
A549_FOSB+PTPN12_1+1,0.25773558020591736,0.14415645156987011,2,seen1,biolord
A549_FOSB+UBASH3B_1+1,1.2090169191360474,0.9683535532531096,2,seen1,biolord
A549_FOXA1+FOXF1_1+1,0.1411021649837494,0.029578446119558066,2,seen1,biolord
A549_FOXA1+HOXB9_1+1,0.0882570818066597,0.03847999060235452,2,seen1,biolord
A549_FOXA3+FOXA1_1+1,0.13218091428279877,0.028591403548489325,2,seen1,biolord
A549_FOXA3+FOXL2_1+1,0.16302789747714996,0.06756245289216167,2,seen1,biolord
A549_FOXF1+FOXL2_1+1,0.23292864859104156,0.07118195411749184,2,seen1,biolord
A549_FOXL2+HOXB9_1+1,0.10412760823965073,0.048837905400432646,2,seen1,biolord
A549_FOXL2+MEIS1_1+1,0.11568622291088104,0.05937255755998194,2,seen1,biolord
A549_IGDCC3+MAPK1_1+1,1.0328844785690308,0.5055360592959914,2,seen1,biolord
A549_IGDCC3+PRTG_1+1,0.03236735612154007,0.017364150378853083,2,seen1,biolord
A549_JUN+CEBPA_1+1,0.14688165485858917,0.05990452226251364,2,seen1,biolord
A549_KIF18B+KIF2C_1+1,0.5571706295013428,0.23284119997515518,2,seen1,biolord
A549_KLF1+BAK1_1+1,0.018026335164904594,0.015319865419769485,2,seen1,biolord
A549_KLF1+CEBPA_1+1,0.2107982039451599,0.11238041066098958,2,seen1,biolord
A549_KLF1+FOXA1_1+1,0.09206046164035797,0.0752355901786359,2,seen1,biolord
A549_MAP2K3+ELMSAN1_1+1,0.3449056148529053,0.12662256765179336,2,seen1,biolord
A549_MAP2K3+MAP2K6_1+1,0.06987004727125168,0.03416750254109502,2,seen1,biolord
A549_MAP2K6+IKZF3_1+1,0.5878918170928955,0.1830583642295096,2,seen1,biolord
A549_MAPK1+TGFBR2_1+1,1.7488967180252075,1.6456934076704783,2,seen1,biolord
A549_POU3F2+FOXL2_1+1,0.044158678501844406,0.017018248327076435,2,seen1,biolord
A549_PTPN12+UBASH3A_1+1,0.2844819128513336,0.04637536546215415,2,seen1,biolord
A549_SGK1+S1PR2_1+1,0.0991753414273262,0.05247338814660907,2,seen1,biolord
A549_SGK1+TBX2_1+1,0.08669386804103851,0.03123060503276065,2,seen1,biolord
A549_SGK1+TBX3_1+1,0.048641592264175415,0.02099995179742109,2,seen1,biolord
A549_TGFBR2+ETS2_1+1,3.79197096824646,1.5217509144567885,2,seen1,biolord
A549_TGFBR2+PRTG_1+1,0.24475756287574768,0.038250459590926766,2,seen1,biolord
A549_TMSB4X+BAK1_1+1,0.1331370323896408,0.07034180543269031,2,seen1,biolord
A549_UBASH3B+CNN1_1+1,0.3738669753074646,0.050978282728465274,2,seen1,biolord
A549_UBASH3B+UBASH3A_1+1,0.1592668890953064,0.01819057564716786,2,seen1,biolord
A549_ZC3HAV1+CEBPA_1+1,0.23523159325122833,0.03888266975991428,2,seen1,biolord
A549_ZNF318+FOXL2_1+1,0.14189818501472473,0.06076258176472038,2,seen1,biolord
A549_CDKN1B+CDKN1A_1+1,0.14925464987754822,0.0060105230659246445,2,seen2,biolord
A549_CDKN1C+CDKN1A_1+1,0.14982904493808746,0.0076184142380952835,2,seen2,biolord
A549_CEBPB+PTPN12_1+1,0.1014498695731163,0.023095096461474895,2,seen2,biolord
A549_CEBPE+RUNX1T1_1+1,0.33935967087745667,0.006451471708714962,2,seen2,biolord
A549_DUSP9+KLF1_1+1,0.04222872108221054,0.01803700183154433,2,seen2,biolord
A549_FEV+MAP7D1_1+1,0.05459054559469223,0.012790562468580902,2,seen2,biolord
A549_FOXA3+FOXF1_1+1,0.02645943872630596,0.011741818161681294,2,seen2,biolord
A549_KLF1+TGFBR2_1+1,0.020602205768227577,0.006162742451124359,2,seen2,biolord
A549_MAP2K6+ELMSAN1_1+1,0.02471478097140789,0.010674986056983471,2,seen2,biolord
A549_PTPN12+PTPN9_1+1,0.03585897758603096,0.014254370471462607,2,seen2,biolord
A549_SAMD1+PTPN12_1+1,0.036031730473041534,0.017823170172050595,2,seen2,biolord
A549_SAMD1+UBASH3B_1+1,0.03044370748102665,0.016188595909625292,2,seen2,biolord
A549_SET+CEBPE_1+1,0.434043288230896,0.06305404286831617,2,seen2,biolord
A549_SNAI1+DLX2_1+1,0.3086300492286682,0.17657818249426782,2,seen2,biolord
A549_UBASH3B+PTPN9_1+1,0.09165651351213455,0.01572807226330042,2,seen2,biolord
A549_ZC3HAV1+HOXC13_1+1,0.09947097301483154,0.04413960035890341,2,seen2,biolord
A549_AHR+ctrl_1+1,0.45762428641319275,0.22657037572935224,3,single,biolord
A549_ARID1A+ctrl_1+1,0.5743159055709839,0.17304927750956267,3,single,biolord
A549_ARRDC3+ctrl_1+1,0.449782133102417,0.22892223205417395,3,single,biolord
A549_ATL1+ctrl_1+1,0.3279236853122711,0.05257549398811534,3,single,biolord
A549_CBFA2T3+ctrl_1+1,0.5407400131225586,0.15838572989741806,3,single,biolord
A549_CDKN1C+ctrl_1+1,0.5337198376655579,0.14024260267615318,3,single,biolord
A549_CITED1+ctrl_1+1,0.5960623621940613,0.05291867273626849,3,single,biolord
A549_CKS1B+ctrl_1+1,0.9078101515769958,0.5220225071534514,3,single,biolord
A549_CLDN6+ctrl_1+1,0.6264539361000061,0.10746424202807248,3,single,biolord
A549_CNN1+ctrl_1+1,0.5758664011955261,0.11599390173796564,3,single,biolord
A549_COL1A1+ctrl_1+1,0.4260414242744446,0.08234546997118741,3,single,biolord
A549_CSRNP1+ctrl_1+1,3.783597707748413,1.776052018336486,3,single,biolord
A549_FOXO4+ctrl_1+1,0.38753122091293335,0.10668712528422475,3,single,biolord
A549_GLB1L2+ctrl_1+1,0.8951974511146545,0.44496544064895716,3,single,biolord
A549_HK2+ctrl_1+1,0.35966774821281433,0.22207151426300697,3,single,biolord
A549_HOXB9+ctrl_1+1,0.2969176769256592,0.1312270155758597,3,single,biolord
A549_KIF18B+ctrl_1+1,0.8664677739143372,0.6056484050350264,3,single,biolord
A549_LYL1+ctrl_1+1,1.0313776731491089,0.9604165428609122,3,single,biolord
A549_MAP4K3+ctrl_1+1,0.2722894549369812,0.12323739466955885,3,single,biolord
A549_MAPK1+ctrl_1+1,1.224144458770752,1.6554454394499771,3,single,biolord
A549_NCL+ctrl_1+1,0.5865488648414612,0.41684984759194776,3,single,biolord
A549_ctrl+CBFA2T3_1+1,0.5619778037071228,0.1628767717629671,3,single,biolord
A549_ctrl+CLDN6_1+1,0.6602674722671509,0.11022183741442859,3,single,biolord
A549_ctrl+CNN1_1+1,0.6501314043998718,0.10856396390590817,3,single,biolord
A549_ctrl+HOXB9_1+1,0.3163001239299774,0.13864368619397283,3,single,biolord
A549_ctrl+MAPK1_1+1,1.220921516418457,1.654983949731104,3,single,biolord
A549_ctrl+PRTG_1+1,0.5949664115905762,0.07283697096863762,3,single,biolord
A549_ctrl+PTPN12_1+1,0.6042037010192871,0.18658118540770374,3,single,biolord
A549_ctrl+SET_1+1,0.9280238151550293,0.3556566746956378,3,single,biolord
A549_ctrl+UBASH3B_1+1,0.7431321740150452,0.37184258780325763,3,single,biolord
A549_PLK4+ctrl_1+1,0.2593429982662201,0.17899504327215254,3,single,biolord
A549_PRTG+ctrl_1+1,0.6043587327003479,0.07150775346963201,3,single,biolord
A549_PTPN12+ctrl_1+1,0.560598611831665,0.1760830974963028,3,single,biolord
A549_SET+ctrl_1+1,0.9223070740699768,0.3493625596383936,3,single,biolord
A549_UBASH3B+ctrl_1+1,0.7582682967185974,0.40877204210846685,3,single,biolord
A549_CNN1+MAPK1_1+1,1.0046947002410889,0.551077276468277,3,seen0,biolord
A549_MAPK1+PRTG_1+1,0.7308249473571777,0.45951886085094884,3,seen0,biolord
A549_UBASH3B+CNN1_1+1,0.7106100916862488,0.1714967130101286,3,seen0,biolord
A549_UBASH3B+PTPN12_1+1,0.6311213374137878,0.18004403298255056,3,seen0,biolord
A549_AHR+FEV_1+1,0.281295508146286,0.12522330600768328,3,seen1,biolord
A549_AHR+KLF1_1+1,0.04967055097222328,0.050377372914226726,3,seen1,biolord
A549_CBL+CNN1_1+1,0.3328431248664856,0.06274340617528651,3,seen1,biolord
A549_CBL+PTPN12_1+1,0.19205424189567566,0.024339476483874023,3,seen1,biolord
A549_CBL+UBASH3B_1+1,0.3247969448566437,0.028466592943004798,3,seen1,biolord
A549_CDKN1C+CDKN1A_1+1,0.0465010404586792,0.0160549683496356,3,seen1,biolord
A549_CDKN1C+CDKN1B_1+1,0.04792698472738266,0.020803754217922688,3,seen1,biolord
A549_CEBPB+MAPK1_1+1,0.22839149832725525,0.07747994473902509,3,seen1,biolord
A549_CEBPB+PTPN12_1+1,0.2960068881511688,0.13668849226087332,3,seen1,biolord
A549_CEBPE+CNN1_1+1,0.7058932781219482,0.28310020148273907,3,seen1,biolord
A549_CEBPE+PTPN12_1+1,1.167824149131775,0.11659563658758998,3,seen1,biolord
A549_CNN1+UBASH3A_1+1,0.6922307014465332,0.08989174875750905,3,seen1,biolord
A549_DUSP9+MAPK1_1+1,2.0039219856262207,0.23984528332948685,3,seen1,biolord
A549_DUSP9+PRTG_1+1,0.030834883451461792,0.008879659231752157,3,seen1,biolord
A549_ETS2+CNN1_1+1,0.7031169533729553,0.31464905897155404,3,seen1,biolord
A549_ETS2+MAPK1_1+1,0.9758334755897522,0.7841731340158731,3,seen1,biolord
A549_ETS2+PRTG_1+1,0.6813704967498779,0.4479043164756149,3,seen1,biolord
A549_FEV+CBFA2T3_1+1,0.26739853620529175,0.038892960288876566,3,seen1,biolord
A549_FOSB+PTPN12_1+1,0.8795480728149414,0.5551722623349633,3,seen1,biolord
A549_FOSB+UBASH3B_1+1,1.1612119674682617,0.697401518591505,3,seen1,biolord
A549_FOXA1+HOXB9_1+1,0.03652951866388321,0.017591229938261677,3,seen1,biolord
A549_FOXA3+HOXB9_1+1,0.05177188292145729,0.0191159866808448,3,seen1,biolord
A549_FOXF1+HOXB9_1+1,0.2735438644886017,0.13020821358077228,3,seen1,biolord
A549_FOXL2+HOXB9_1+1,0.06458457559347153,0.03279601066606119,3,seen1,biolord
A549_IGDCC3+MAPK1_1+1,0.9039133191108704,0.49092845153063536,3,seen1,biolord
A549_IGDCC3+PRTG_1+1,0.03413219749927521,0.016594462795183063,3,seen1,biolord
A549_IRF1+SET_1+1,0.25835976004600525,0.2571206798602361,3,seen1,biolord
A549_KIF18B+KIF2C_1+1,0.5683995485305786,0.27669127535045845,3,seen1,biolord
A549_KLF1+CLDN6_1+1,0.12880226969718933,0.10491793817345751,3,seen1,biolord
A549_LYL1+CEBPB_1+1,0.18204933404922485,0.10562022891826928,3,seen1,biolord
A549_MAPK1+IKZF3_1+1,0.42304757237434387,0.10351751352936844,3,seen1,biolord
A549_MAPK1+TGFBR2_1+1,1.4916050434112549,1.575119114597328,3,seen1,biolord
A549_PLK4+STIL_1+1,0.20074902474880219,0.11465936593594961,3,seen1,biolord
A549_POU3F2+CBFA2T3_1+1,0.14531581103801727,0.07388740463647991,3,seen1,biolord
A549_PRDM1+CBFA2T3_1+1,0.05879869684576988,0.02366166841238737,3,seen1,biolord
A549_PTPN12+OSR2_1+1,0.3530499339103699,0.0962233948357607,3,seen1,biolord
A549_PTPN12+PTPN9_1+1,0.3597574234008789,0.14094917167676613,3,seen1,biolord
A549_PTPN12+SNAI1_1+1,0.1818346381187439,0.06846448557917029,3,seen1,biolord
A549_PTPN12+UBASH3A_1+1,0.6458522081375122,0.11803212901577353,3,seen1,biolord
A549_PTPN12+ZBTB25_1+1,0.1876276731491089,0.02513333485694602,3,seen1,biolord
A549_SAMD1+PTPN12_1+1,0.47145992517471313,0.11318909755209461,3,seen1,biolord
A549_SAMD1+UBASH3B_1+1,0.4969883859157562,0.049316487507894635,3,seen1,biolord
A549_SET+CEBPE_1+1,0.48325788974761963,0.24977964209392667,3,seen1,biolord
A549_SET+KLF1_1+1,0.12570282816886902,0.09048822485783603,3,seen1,biolord
A549_SNAI1+UBASH3B_1+1,0.08427077531814575,0.03427317750174552,3,seen1,biolord
A549_TGFBR2+PRTG_1+1,0.30995213985443115,0.03935247007757425,3,seen1,biolord
A549_UBASH3B+OSR2_1+1,0.2988658845424652,0.06625756400171667,3,seen1,biolord
A549_UBASH3B+PTPN9_1+1,0.3462197184562683,0.0887053101323545,3,seen1,biolord
A549_UBASH3B+UBASH3A_1+1,0.5497139096260071,0.18950710585340858,3,seen1,biolord
A549_UBASH3B+ZBTB25_1+1,0.21672138571739197,0.040215807646745816,3,seen1,biolord
A549_ZBTB10+PTPN12_1+1,0.36950570344924927,0.11568837283175526,3,seen1,biolord
A549_BCL2L11+BAK1_1+1,0.7223052978515625,0.3868694204102212,3,seen2,biolord
A549_BPGM+ZBTB1_1+1,0.05124907195568085,0.039961589929589536,3,seen2,biolord
A549_CEBPB+OSR2_1+1,0.06582571566104889,0.02389740594662726,3,seen2,biolord
A549_CEBPE+RUNX1T1_1+1,0.33935967087745667,0.006451471708714962,3,seen2,biolord
A549_DUSP9+IGDCC3_1+1,0.11514944583177567,0.005318440496921539,3,seen2,biolord
A549_DUSP9+SNAI1_1+1,0.07387793064117432,0.03544898610562086,3,seen2,biolord
A549_ETS2+CEBPE_1+1,0.07442804425954819,0.025354566983878613,3,seen2,biolord
A549_ETS2+IGDCC3_1+1,0.2573886513710022,0.09417364175897092,3,seen2,biolord
A549_FEV+ISL2_1+1,0.08243568241596222,0.016614379361271858,3,seen2,biolord
A549_FOSB+CEBPB_1+1,0.21328116953372955,0.09699615719728172,3,seen2,biolord
A549_FOSB+OSR2_1+1,0.3086378574371338,0.2052605306598707,3,seen2,biolord
A549_FOXA3+FOXA1_1+1,0.0416744165122509,0.013686990132555366,3,seen2,biolord
A549_JUN+CEBPA_1+1,0.028274668380618095,0.007664893288165331,3,seen2,biolord
A549_JUN+CEBPB_1+1,0.03885859251022339,0.011481021298095584,3,seen2,biolord
A549_KLF1+CEBPA_1+1,0.19928498566150665,0.012188327498733997,3,seen2,biolord
A549_KLF1+MAP2K6_1+1,0.06501162797212601,0.03778802883607568,3,seen2,biolord
A549_SAMD1+TGFBR2_1+1,0.2966001033782959,0.0491342298919335,3,seen2,biolord
A549_SAMD1+ZBTB1_1+1,0.03227826580405235,0.012427995687176008,3,seen2,biolord
A549_ZBTB10+SNAI1_1+1,0.5255232453346252,0.19772088222089224,3,seen2,biolord
A549_AHR+ctrl_1+1,0.6711517572402954,0.43070302647538483,4,single,biolord
A549_ARID1A+ctrl_1+1,0.5634264945983887,0.1385400125873275,4,single,biolord
A549_ATL1+ctrl_1+1,0.48789235949516296,0.11352712172083557,4,single,biolord
A549_C3orf72+ctrl_1+1,0.7422753572463989,0.2927667599869892,4,single,biolord
A549_CLDN6+ctrl_1+1,0.5670502185821533,0.0729395294765709,4,single,biolord
A549_FOXF1+ctrl_1+1,1.426413893699646,0.7726340908557177,4,single,biolord
A549_FOXO4+ctrl_1+1,0.6717538237571716,0.19706191925797611,4,single,biolord
A549_HOXB9+ctrl_1+1,0.3576016128063202,0.1186696101212874,4,single,biolord
A549_IGDCC3+ctrl_1+1,0.46005988121032715,0.05908904783427715,4,single,biolord
A549_JUN+ctrl_1+1,0.5876473188400269,0.12684683510451578,4,single,biolord
A549_KIF2C+ctrl_1+1,0.2500670552253723,0.13490393711254,4,single,biolord
A549_LHX1+ctrl_1+1,0.7850273847579956,0.32867997491848655,4,single,biolord
A549_LYL1+ctrl_1+1,0.6110495328903198,0.36207781009579776,4,single,biolord
A549_MAML2+ctrl_1+1,1.323198914527893,0.903755720006302,4,single,biolord
A549_MAP2K3+ctrl_1+1,1.0982435941696167,0.9220596426166594,4,single,biolord
A549_NCL+ctrl_1+1,0.5005514025688171,0.3016813855501823,4,single,biolord
A549_ctrl+CLDN6_1+1,0.6076757907867432,0.08079747996089282,4,single,biolord
A549_ctrl+FOXF1_1+1,1.423369288444519,0.7616407629102468,4,single,biolord
A549_ctrl+HOXB9_1+1,0.3849763870239258,0.11412018490955234,4,single,biolord
A549_ctrl+IGDCC3_1+1,0.44273462891578674,0.06192836770787835,4,single,biolord
A549_ctrl+KIF2C_1+1,0.47991788387298584,0.14904067013412714,4,single,biolord
A549_ctrl+PRTG_1+1,0.5630820393562317,0.08476340305060148,4,single,biolord
A549_ctrl+SET_1+1,0.7436025738716125,0.2544732545502484,4,single,biolord
A549_ctrl+SNAI1_1+1,2.236574649810791,1.260993406031048,4,single,biolord
A549_ctrl+SPI1_1+1,0.13307978212833405,0.05738949897931889,4,single,biolord
A549_ctrl+TGFBR2_1+1,0.16400301456451416,0.08188871113816276,4,single,biolord
A549_ctrl+UBASH3A_1+1,0.7433789372444153,0.07586800795979798,4,single,biolord
A549_PLK4+ctrl_1+1,0.27716803550720215,0.1721307042753324,4,single,biolord
A549_PRTG+ctrl_1+1,0.5691958069801331,0.07669535538298078,4,single,biolord
A549_PTPN1+ctrl_1+1,0.5426868200302124,0.07023625128931599,4,single,biolord
A549_SET+ctrl_1+1,0.7249351143836975,0.23834599391557276,4,single,biolord
A549_SNAI1+ctrl_1+1,2.689512252807617,1.2247402387438342,4,single,biolord
A549_SPI1+ctrl_1+1,0.19878645241260529,0.0479437101748772,4,single,biolord
A549_TGFBR2+ctrl_1+1,0.2378854602575302,0.10999220609664917,4,single,biolord
A549_TMSB4X+ctrl_1+1,1.1986725330352783,0.602764625713462,4,single,biolord
A549_UBASH3A+ctrl_1+1,0.4501795470714569,0.055251183453947306,4,single,biolord
A549_ZC3HAV1+ctrl_1+1,1.2317073345184326,1.36094808956841,4,single,biolord
A549_FOXF1+HOXB9_1+1,0.20225007832050323,0.07624037424102426,4,seen0,biolord
A549_IGDCC3+PRTG_1+1,0.28829532861709595,0.04888159374240786,4,seen0,biolord
A549_TGFBR2+IGDCC3_1+1,0.20301799476146698,0.05222333798883483,4,seen0,biolord
A549_TGFBR2+PRTG_1+1,0.297616183757782,0.05259450478479266,4,seen0,biolord
A549_AHR+FEV_1+1,0.3755491375923157,0.1898276888532564,4,seen1,biolord
A549_AHR+KLF1_1+1,0.05479464679956436,0.07209095856524073,4,seen1,biolord
A549_BCL2L11+TGFBR2_1+1,0.0929637923836708,0.036241563298972324,4,seen1,biolord
A549_C3orf72+FOXL2_1+1,0.185641810297966,0.08625420839962317,4,seen1,biolord
A549_CBL+TGFBR2_1+1,0.031537558883428574,0.01176741300150752,4,seen1,biolord
A549_CBL+UBASH3A_1+1,0.20660223066806793,0.035084552597254515,4,seen1,biolord
A549_CEBPE+SPI1_1+1,0.01971360482275486,0.007468020543456078,4,seen1,biolord
A549_CNN1+UBASH3A_1+1,0.07957640290260315,0.043578512108069845,4,seen1,biolord
A549_DUSP9+IGDCC3_1+1,0.015300598926842213,0.008143900893628597,4,seen1,biolord
A549_DUSP9+PRTG_1+1,0.025161013007164,0.007725848816335201,4,seen1,biolord
A549_DUSP9+SNAI1_1+1,0.21646563708782196,0.09207800554577261,4,seen1,biolord
A549_ETS2+IGDCC3_1+1,0.8219545483589172,0.5103063351998571,4,seen1,biolord
A549_ETS2+PRTG_1+1,0.8638557195663452,0.5951376654556952,4,seen1,biolord
A549_FOXA1+FOXF1_1+1,0.11053663492202759,0.04080322431400418,4,seen1,biolord
A549_FOXA1+HOXB9_1+1,0.043763648718595505,0.02103122547850944,4,seen1,biolord
A549_FOXA3+FOXF1_1+1,0.0887906402349472,0.04592348914593458,4,seen1,biolord
A549_FOXA3+HOXB9_1+1,0.0625540018081665,0.019948334549553692,4,seen1,biolord
A549_FOXF1+FOXL2_1+1,0.18966460227966309,0.059661594656063244,4,seen1,biolord
A549_FOXL2+HOXB9_1+1,0.06539586931467056,0.029943817702587694,4,seen1,biolord
A549_IGDCC3+MAPK1_1+1,0.3546195924282074,0.18515954399481416,4,seen1,biolord
A549_IGDCC3+ZBTB25_1+1,0.4948066174983978,0.07701669610105455,4,seen1,biolord
A549_IRF1+SET_1+1,0.23101498186588287,0.2174002539322828,4,seen1,biolord
A549_JUN+CEBPA_1+1,0.01789694093167782,0.005123606417328119,4,seen1,biolord
A549_JUN+CEBPB_1+1,0.1311747431755066,0.03407691766278731,4,seen1,biolord
A549_KIF18B+KIF2C_1+1,0.22006100416183472,0.08260297654805981,4,seen1,biolord
A549_KLF1+CLDN6_1+1,0.10667180269956589,0.08855982805471285,4,seen1,biolord
A549_KLF1+TGFBR2_1+1,0.02599530667066574,0.008487835764753981,4,seen1,biolord
A549_LHX1+ELMSAN1_1+1,0.4322695732116699,0.16225003101862967,4,seen1,biolord
A549_LYL1+CEBPB_1+1,0.1756366342306137,0.09546090790536255,4,seen1,biolord
A549_MAP2K3+ELMSAN1_1+1,0.17285741865634918,0.05538812023587525,4,seen1,biolord
A549_MAP2K3+IKZF3_1+1,0.04394029080867767,0.030319930374389514,4,seen1,biolord
A549_MAP2K3+MAP2K6_1+1,0.09362427890300751,0.03471616096794605,4,seen1,biolord
A549_MAP2K3+SLC38A2_1+1,0.4287664592266083,0.11711995024234056,4,seen1,biolord
A549_MAP2K6+SPI1_1+1,0.4119444787502289,0.19681280059739947,4,seen1,biolord
A549_MAPK1+PRTG_1+1,0.6921837329864502,0.42205330706201494,4,seen1,biolord
A549_MAPK1+TGFBR2_1+1,0.06709959357976913,0.029881885740906,4,seen1,biolord
A549_PLK4+STIL_1+1,0.16879959404468536,0.0845755620393902,4,seen1,biolord
A549_PTPN12+SNAI1_1+1,0.4850923418998718,0.22254521772265434,4,seen1,biolord
A549_PTPN12+UBASH3A_1+1,0.06918815523386002,0.03676157153677195,4,seen1,biolord
A549_SAMD1+TGFBR2_1+1,0.03337743133306503,0.014689088347950019,4,seen1,biolord
A549_SET+CEBPE_1+1,0.5196652412414551,0.2882287974935025,4,seen1,biolord
A549_SET+KLF1_1+1,0.1178176999092102,0.07052764995751204,4,seen1,biolord
A549_SNAI1+DLX2_1+1,0.6665792465209961,0.4138210844976129,4,seen1,biolord
A549_SNAI1+UBASH3B_1+1,0.25288456678390503,0.11716289987089112,4,seen1,biolord
A549_TGFBR2+C19orf26_1+1,0.09157303720712662,0.033615917003771756,4,seen1,biolord
A549_TGFBR2+ETS2_1+1,0.1091296598315239,0.030168436467647552,4,seen1,biolord
A549_TMSB4X+BAK1_1+1,1.0858031511306763,0.6246763219241984,4,seen1,biolord
A549_UBASH3B+UBASH3A_1+1,0.88080894947052,0.022692940896376967,4,seen1,biolord
A549_ZBTB10+SNAI1_1+1,0.4450607895851135,0.25482200444093905,4,seen1,biolord
A549_ZC3HAV1+CEBPA_1+1,0.04219072312116623,0.007378148380666971,4,seen1,biolord
A549_ZC3HAV1+CEBPE_1+1,0.73492032289505,0.10450882138684392,4,seen1,biolord
A549_ZC3HAV1+HOXC13_1+1,0.25315773487091064,0.05894036125391722,4,seen1,biolord
A549_BPGM+SAMD1_1+1,0.0749114528298378,0.010906241601333022,4,seen2,biolord
A549_CBL+CNN1_1+1,0.10123278200626373,0.03936119024729123,4,seen2,biolord
A549_CDKN1C+CDKN1B_1+1,0.0767517238855362,0.005813296884298325,4,seen2,biolord
A549_FOSB+PTPN12_1+1,0.3315970003604889,0.19216174737084657,4,seen2,biolord
A549_FOXA1+FOXL2_1+1,0.0671965703368187,0.023783611599355936,4,seen2,biolord
A549_FOXA3+FOXL2_1+1,0.12068621814250946,0.03644671165420732,4,seen2,biolord
A549_KLF1+BAK1_1+1,0.01716446317732334,0.01430162609085528,4,seen2,biolord
A549_KLF1+COL2A1_1+1,0.10560304671525955,0.07161163561977446,4,seen2,biolord
A549_KLF1+MAP2K6_1+1,0.04056919738650322,0.014259011411922984,4,seen2,biolord
A549_POU3F2+CBFA2T3_1+1,0.09829097241163254,0.04720518036629073,4,seen2,biolord
A549_PRDM1+CBFA2T3_1+1,0.09138166159391403,0.029687716625630856,4,seen2,biolord
A549_PTPN12+ZBTB25_1+1,0.3263605833053589,0.061672430485486984,4,seen2,biolord
A549_SAMD1+UBASH3B_1+1,0.03044370748102665,0.016188595909625292,4,seen2,biolord
A549_SAMD1+ZBTB1_1+1,0.07534375041723251,0.019449159291980322,4,seen2,biolord
A549_UBASH3B+OSR2_1+1,0.10070362687110901,0.04066771955695003,4,seen2,biolord
A549_UBASH3B+ZBTB25_1+1,0.2598690986633301,0.046654151316033676,4,seen2,biolord
A549_ZBTB10+ELMSAN1_1+1,0.06846575438976288,0.01626907074387418,4,seen2,biolord
A549_ZBTB10+PTPN12_1+1,0.06995280086994171,0.03514369672848261,4,seen2,biolord
A549_BPGM+ctrl_1+1,0.591519832611084,0.10149452486075461,5,single,biolord
A549_C3orf72+ctrl_1+1,0.7049401998519897,0.3133153598755598,5,single,biolord
A549_C19orf26+ctrl_1+1,0.3715013563632965,0.21275449086897424,5,single,biolord
A549_CEBPA+ctrl_1+1,0.43358972668647766,0.05955925665330142,5,single,biolord
A549_CEBPB+ctrl_1+1,0.7301027774810791,0.4919082513079047,5,single,biolord
A549_CELF2+ctrl_1+1,0.9120445251464844,0.6901689702062868,5,single,biolord
A549_DLX2+ctrl_1+1,0.5048754811286926,0.1426663948004716,5,single,biolord
A549_ELMSAN1+ctrl_1+1,0.6639736294746399,0.46422480791807175,5,single,biolord
A549_HK2+ctrl_1+1,0.589275062084198,0.3863737143110484,5,single,biolord
A549_HOXB9+ctrl_1+1,0.4196080267429352,0.15382608090294525,5,single,biolord
A549_IKZF3+ctrl_1+1,0.9391778707504272,0.6624626809498295,5,single,biolord
A549_KLF1+ctrl_1+1,1.2162798643112183,1.717429853277281,5,single,biolord
A549_MAP4K5+ctrl_1+1,0.3302290737628937,0.13742103277763817,5,single,biolord
A549_MAP7D1+ctrl_1+1,1.9960840940475464,1.6367356426781043,5,single,biolord
A549_MIDN+ctrl_1+1,0.93216872215271,0.6262548961676657,5,single,biolord
A549_ctrl+C19orf26_1+1,0.396221786737442,0.24704091249441262,5,single,biolord
A549_ctrl+CEBPA_1+1,0.35658907890319824,0.06022806919645518,5,single,biolord
A549_ctrl+CEBPB_1+1,0.7402846217155457,0.480078992433846,5,single,biolord
A549_ctrl+DLX2_1+1,0.5178659558296204,0.1440011846134439,5,single,biolord
A549_ctrl+ELMSAN1_1+1,0.6633643507957458,0.48000565415713936,5,single,biolord
A549_ctrl+HOXB9_1+1,0.3836432099342346,0.140445172553882,5,single,biolord
A549_ctrl+IKZF3_1+1,0.9413843154907227,0.6578421304002404,5,single,biolord
A549_ctrl+KLF1_1+1,1.2216557264328003,1.6987311934208265,5,single,biolord
A549_ctrl+MAP7D1_1+1,2.159527063369751,1.5930526737356558,5,single,biolord
A549_ctrl+PTPN9_1+1,0.46880146861076355,0.2217083313735202,5,single,biolord
A549_ctrl+RUNX1T1_1+1,3.3140480518341064,1.1266464894451929,5,single,biolord
A549_ctrl+SAMD1_1+1,0.42753836512565613,0.11634433353901841,5,single,biolord
A549_ctrl+UBASH3A_1+1,0.3665784001350403,0.13884897180832922,5,single,biolord
A549_ctrl+ZBTB25_1+1,0.4651784598827362,0.2088514333590865,5,single,biolord
A549_PTPN1+ctrl_1+1,0.42812731862068176,0.05096972334285965,5,single,biolord
A549_PTPN9+ctrl_1+1,0.3753960430622101,0.16085750074125826,5,single,biolord
A549_PTPN13+ctrl_1+1,0.8561704754829407,0.63476019812515,5,single,biolord
A549_RREB1+ctrl_1+1,0.8343382477760315,0.6168691991479136,5,single,biolord
A549_RUNX1T1+ctrl_1+1,4.04034423828125,1.0895372894690354,5,single,biolord
A549_SAMD1+ctrl_1+1,0.3789486289024353,0.0920803947665263,5,single,biolord
A549_TMSB4X+ctrl_1+1,1.4585599899291992,0.7240358017734252,5,single,biolord
A549_TP73+ctrl_1+1,0.7779129147529602,0.14858749299310148,5,single,biolord
A549_TSC22D1+ctrl_1+1,0.9277392625808716,0.4935030231717974,5,single,biolord
A549_UBASH3A+ctrl_1+1,0.2710082232952118,0.13779753260314465,5,single,biolord
A549_ZBTB25+ctrl_1+1,0.44288668036460876,0.2105144296074286,5,single,biolord
A549_BPGM+SAMD1_1+1,0.3669801652431488,0.08275560976471752,5,seen0,biolord
A549_CEBPB+CEBPA_1+1,0.2708985209465027,0.0788476102752611,5,seen0,biolord
A549_KLF1+CEBPA_1+1,0.25421109795570374,0.0508694356540218,5,seen0,biolord
A549_AHR+KLF1_1+1,0.716885507106781,0.8004890998126939,5,seen1,biolord
A549_BPGM+ZBTB1_1+1,0.056159816682338715,0.040937802725238726,5,seen1,biolord
A549_C3orf72+FOXL2_1+1,0.21001052856445312,0.09051938768971013,5,seen1,biolord
A549_CBL+PTPN9_1+1,0.1323290318250656,0.041212345473468304,5,seen1,biolord
A549_CBL+UBASH3A_1+1,0.2219398319721222,0.03364900033921003,5,seen1,biolord
A549_CEBPB+MAPK1_1+1,0.04156872630119324,0.027598817367106676,5,seen1,biolord
A549_CEBPB+OSR2_1+1,0.19196970760822296,0.08607068608012014,5,seen1,biolord
A549_CEBPB+PTPN12_1+1,0.5237360000610352,0.18166762877081055,5,seen1,biolord
A549_CEBPE+CEBPA_1+1,0.08048859238624573,0.025426190753933042,5,seen1,biolord
A549_CEBPE+CEBPB_1+1,0.1032351702451706,0.046845050412230194,5,seen1,biolord
A549_CEBPE+KLF1_1+1,1.619482159614563,1.0076365203713067,5,seen1,biolord
A549_CEBPE+RUNX1T1_1+1,0.327941358089447,0.06905678303155582,5,seen1,biolord
A549_CNN1+UBASH3A_1+1,0.43247437477111816,0.057168879808159545,5,seen1,biolord
A549_DUSP9+KLF1_1+1,0.32284265756607056,0.12687558427205659,5,seen1,biolord
A549_ETS2+IKZF3_1+1,1.307588815689087,1.4235263888986083,5,seen1,biolord
A549_ETS2+MAP7D1_1+1,0.13939045369625092,0.04897904396057129,5,seen1,biolord
A549_FEV+MAP7D1_1+1,0.03875203803181648,0.01865275902673602,5,seen1,biolord
A549_FOSB+CEBPB_1+1,0.36643266677856445,0.07059320813277736,5,seen1,biolord
A549_FOSB+IKZF3_1+1,1.1091358661651611,0.9089189477090258,5,seen1,biolord
A549_FOXA1+HOXB9_1+1,0.17445234954357147,0.029851981962565333,5,seen1,biolord
A549_FOXA3+HOXB9_1+1,0.5314931869506836,0.13762849220074713,5,seen1,biolord
A549_FOXF1+HOXB9_1+1,0.16531087458133698,0.02517818659543991,5,seen1,biolord
A549_FOXL2+HOXB9_1+1,0.1266659051179886,0.028593190931132995,5,seen1,biolord
A549_IGDCC3+ZBTB25_1+1,0.06721266359090805,0.02325140545144677,5,seen1,biolord
A549_JUN+CEBPA_1+1,0.3036858141422272,0.0852956137387082,5,seen1,biolord
A549_JUN+CEBPB_1+1,0.29261666536331177,0.11664256157382624,5,seen1,biolord
A549_KLF1+BAK1_1+1,1.2076764106750488,1.6759239165839972,5,seen1,biolord
A549_KLF1+CLDN6_1+1,0.32542726397514343,0.1463951466830622,5,seen1,biolord
A549_KLF1+COL2A1_1+1,0.2558196783065796,0.17750868271104991,5,seen1,biolord
A549_KLF1+FOXA1_1+1,0.895969808101654,0.8058778365957551,5,seen1,biolord
A549_KLF1+MAP2K6_1+1,1.2331699132919312,1.197238920838572,5,seen1,biolord
A549_KLF1+TGFBR2_1+1,0.8803930878639221,0.41491380700608715,5,seen1,biolord
A549_LHX1+ELMSAN1_1+1,0.15519677102565765,0.0751453327247873,5,seen1,biolord
A549_LYL1+CEBPB_1+1,0.5922033190727234,0.2742296073702164,5,seen1,biolord
A549_MAP2K3+ELMSAN1_1+1,0.2993088960647583,0.09064961597323418,5,seen1,biolord
A549_MAP2K3+IKZF3_1+1,0.8159089088439941,0.3707278445290285,5,seen1,biolord
A549_MAP2K6+ELMSAN1_1+1,0.3492322862148285,0.13077153380692152,5,seen1,biolord
A549_MAP2K6+IKZF3_1+1,0.9191858172416687,0.6198138933395967,5,seen1,biolord
A549_MAPK1+IKZF3_1+1,1.526535987854004,1.0184729619140853,5,seen1,biolord
A549_PTPN12+PTPN9_1+1,0.035853900015354156,0.020404026610776782,5,seen1,biolord
A549_PTPN12+UBASH3A_1+1,0.08806061744689941,0.011191013269126415,5,seen1,biolord
A549_PTPN12+ZBTB25_1+1,0.06604713946580887,0.009822386025916785,5,seen1,biolord
A549_SAMD1+PTPN12_1+1,0.09100839495658875,0.023362911713775247,5,seen1,biolord
A549_SAMD1+TGFBR2_1+1,0.20430634915828705,0.044521010568132624,5,seen1,biolord
A549_SAMD1+UBASH3B_1+1,0.14296217262744904,0.018655186519026756,5,seen1,biolord
A549_SAMD1+ZBTB1_1+1,0.02084849402308464,0.014381343265995383,5,seen1,biolord
A549_SET+KLF1_1+1,1.1878690719604492,0.7516133884200826,5,seen1,biolord
A549_SNAI1+DLX2_1+1,0.13299715518951416,0.06691058090655133,5,seen1,biolord
A549_TGFBR2+C19orf26_1+1,0.3102683126926422,0.15928047607303597,5,seen1,biolord
A549_TMSB4X+BAK1_1+1,0.982833206653595,0.6485976922558621,5,seen1,biolord
A549_UBASH3B+PTPN9_1+1,0.10658813267946243,0.05605399946216494,5,seen1,biolord
A549_UBASH3B+UBASH3A_1+1,0.030813068151474,0.011227189796045423,5,seen1,biolord
A549_UBASH3B+ZBTB25_1+1,0.13767220079898834,0.018450313174980693,5,seen1,biolord
A549_ZBTB10+DLX2_1+1,0.641486406326294,0.34519461961463094,5,seen1,biolord
A549_ZBTB10+ELMSAN1_1+1,0.3656908869743347,0.17780618471442722,5,seen1,biolord
A549_ZC3HAV1+CEBPA_1+1,0.3566555380821228,0.051523767644539475,5,seen1,biolord
A549_CDKN1B+CDKN1A_1+1,0.14925464987754822,0.0060105230659246445,5,seen2,biolord
A549_CDKN1C+CDKN1A_1+1,0.14982904493808746,0.0076184142380952835,5,seen2,biolord
A549_CEBPE+SPI1_1+1,0.02606351673603058,0.012257592752575874,5,seen2,biolord
A549_CNN1+MAPK1_1+1,0.3274282217025757,0.07193796895444393,5,seen2,biolord
A549_DUSP9+IGDCC3_1+1,0.11514944583177567,0.005318440496921539,5,seen2,biolord
A549_DUSP9+MAPK1_1+1,0.6768736839294434,0.03579341759905219,5,seen2,biolord
A549_FOSB+OSR2_1+1,0.04878740757703781,0.03239962738007307,5,seen2,biolord
A549_FOXA1+FOXF1_1+1,0.060750335454940796,0.022507023066282272,5,seen2,biolord
A549_IRF1+SET_1+1,0.04405948519706726,0.02857179774582619,5,seen2,biolord
A549_MAPK1+PRTG_1+1,0.18219727277755737,0.07744897063821554,5,seen2,biolord
A549_POU3F2+FOXL2_1+1,0.053656239062547684,0.01977368723601103,5,seen2,biolord
A549_PRDM1+CBFA2T3_1+1,0.07773774862289429,0.038418350741267204,5,seen2,biolord
A549_SGK1+S1PR2_1+1,0.3708844780921936,0.27032409340608865,5,seen2,biolord
A549_UBASH3B+CNN1_1+1,0.3926633298397064,0.055123844838817604,5,seen2,biolord
A549_UBASH3B+OSR2_1+1,0.10070362687110901,0.04066771955695003,5,seen2,biolord
A549_ZBTB10+PTPN12_1+1,0.15561172366142273,0.06605589430546388,5,seen2,biolord
A549_ZC3HAV1+HOXC13_1+1,0.09947097301483154,0.04413960035890341,5,seen2,biolord
A549_ZNF318+FOXL2_1+1,0.13047192990779877,0.06272057286696509,5,seen2,biolord
DUSP9+ctrl,0.559585690498352,0.15089558895124355,1,single,GEARS
BCORL1+ctrl,0.7261762022972107,0.39265142020303756,1,single,GEARS
MEIS1+ctrl,0.40477609634399414,0.17453403607942164,1,single,GEARS
CBL+ctrl,0.6235688328742981,0.20073155462159775,1,single,GEARS
SLC4A1+ctrl,1.0935354232788086,1.10947396280244,1,single,GEARS
COL2A1+ctrl,0.7238534092903137,0.2241241631563753,1,single,GEARS
S1PR2+ctrl,0.7042379379272461,0.2094937793444842,1,single,GEARS
CELF2+ctrl,1.0749304294586182,1.2449417068855837,1,single,GEARS
CDKN1A+ctrl,0.6506426930427551,0.17493621054381947,1,single,GEARS
ctrl+MEIS1,0.395361065864563,0.1850615309085697,1,single,GEARS
CKS1B+ctrl,0.8383416533470154,0.2903595118841622,1,single,GEARS
PRTG+ctrl,0.5249678492546082,0.06312120554139256,1,single,GEARS
C3orf72+ctrl,0.6303515434265137,0.13167963735759258,1,single,GEARS
FOXL2+ctrl,0.5047473311424255,0.18416578916367143,1,single,GEARS
ctrl+CDKN1A,0.6749025583267212,0.19794004953473632,1,single,GEARS
ARID1A+ctrl,0.7148137092590332,0.20202347036683932,1,single,GEARS
ctrl+COL2A1,0.7262070178985596,0.2024890329921618,1,single,GEARS
BCL2L11+ctrl,0.4675109088420868,0.2120484421029687,1,single,GEARS
OSR2+ctrl,1.0868711471557617,1.4311722228158033,1,single,GEARS
ctrl+SPI1,0.32776206731796265,0.0914014697773382,1,single,GEARS
CEBPB+ctrl,0.207039013504982,0.1479779807268642,1,single,GEARS
ctrl+PRTG,0.5174419283866882,0.06850897820550017,1,single,GEARS
CDKN1B+ctrl,0.5009819865226746,0.04586304444819689,1,single,GEARS
JUN+ctrl,0.6093575358390808,0.28474813091452233,1,single,GEARS
ZBTB10+ctrl,0.7703828811645508,0.40113559892051853,1,single,GEARS
PTPN13+ctrl,0.7913509607315063,0.32365103904157877,1,single,GEARS
PTPN9+ctrl,0.2628386616706848,0.13009173376485705,1,single,GEARS
ctrl+CEBPB,0.19630612432956696,0.11097483137928066,1,single,GEARS
PRDM1+ctrl,0.7617413401603699,0.10037510294932872,1,single,GEARS
ctrl+PTPN9,0.35859963297843933,0.19154283945681527,1,single,GEARS
ctrl+OSR2,1.1125872135162354,1.4575299548814655,1,single,GEARS
ctrl+FOXL2,0.49133986234664917,0.17038098443299532,1,single,GEARS
SPI1+ctrl,0.4050086438655853,0.0665202343952842,1,single,GEARS
EGR1+ctrl,0.593316376209259,0.3055098957847804,1,single,GEARS
CDKN1C+ctrl,0.6562402844429016,0.20530298328958452,1,single,GEARS
ctrl+CDKN1B,0.41200077533721924,0.06504606548696756,1,single,GEARS
CBL+PTPN9,0.18222318589687347,0.02551036688964814,1,seen0,GEARS
DUSP9+PRTG,0.27591177821159363,0.035793994771665893,1,seen0,GEARS
FOXL2+MEIS1,0.21883834898471832,0.09481616871198639,1,seen0,GEARS
CEBPB+OSR2,0.45075175166130066,0.16851080011110753,1,seen0,GEARS
JUN+CEBPB,0.26997998356819153,0.016403816545789596,1,seen0,GEARS
CDKN1C+CDKN1B,0.37894800305366516,0.10537100536748767,1,seen0,GEARS
CDKN1C+CDKN1A,0.41688790917396545,0.1009029217530042,1,seen0,GEARS
CDKN1B+CDKN1A,0.3402179181575775,0.0693930491397623,1,seen0,GEARS
C3orf72+FOXL2,0.3527718484401703,0.11192418925577385,1,seen0,GEARS
MAP2K6+SPI1,0.5735547542572021,0.12071302905678749,1,seen1,GEARS
DUSP9+MAPK1,0.9202702641487122,0.6690995584358461,1,seen1,GEARS
UBASH3B+OSR2,1.3186163902282715,1.3022490650764666,1,seen1,GEARS
DUSP9+ETS2,0.900924801826477,0.41089072073373245,1,seen1,GEARS
ZNF318+FOXL2,0.2529599368572235,0.10956607793923467,1,seen1,GEARS
UBASH3B+PTPN9,0.08522237092256546,0.04704283596947789,1,seen1,GEARS
JUN+CEBPA,0.11456896364688873,0.00680706137791276,1,seen1,GEARS
MAPK1+PRTG,0.8645028471946716,0.7022253860486671,1,seen1,GEARS
KLF1+COL2A1,0.8057715892791748,0.4342459300532937,1,seen1,GEARS
PTPN12+OSR2,1.057498812675476,0.8769067041575909,1,seen1,GEARS
POU3F2+FOXL2,0.23198536038398743,0.04591193108353764,1,seen1,GEARS
BCL2L11+TGFBR2,0.2795657217502594,0.10032898042118177,1,seen1,GEARS
CEBPB+CEBPA,0.023347554728388786,0.004061309853568673,1,seen1,GEARS
PTPN12+PTPN9,0.06252819299697876,0.02814199138811091,1,seen1,GEARS
FOSB+CEBPB,0.2741864323616028,0.029155197087675333,1,seen1,GEARS
BCL2L11+BAK1,0.9426848888397217,0.5861380384849326,1,seen1,GEARS
CBL+CNN1,0.13773995637893677,0.023484847733925562,1,seen1,GEARS
ZBTB10+PTPN12,0.3238050639629364,0.03193979230854893,1,seen1,GEARS
CBL+UBASH3B,0.35082975029945374,0.012605923737282865,1,seen1,GEARS
CEBPB+PTPN12,0.6982337236404419,0.2617632457986474,1,seen1,GEARS
CEBPB+MAPK1,0.13708153367042542,0.03664622738142498,1,seen1,GEARS
DUSP9+IGDCC3,0.18975573778152466,0.0558890561806038,1,seen1,GEARS
CBL+PTPN12,0.13179253041744232,0.010130037378985435,1,seen1,GEARS
SGK1+S1PR2,0.37831422686576843,0.13738141076464672,1,seen1,GEARS
DUSP9+KLF1,0.35217761993408203,0.1026202836972061,1,seen1,GEARS
CEBPE+SPI1,0.38736793398857117,0.01426403084769845,1,seen1,GEARS
CBL+TGFBR2,0.555543839931488,0.15570624760584906,1,seen1,GEARS
FOXA1+FOXL2,0.19474205374717712,0.03211314417421818,1,seen1,GEARS
FOXF1+FOXL2,0.35387277603149414,0.09998111851746216,1,seen1,GEARS
ETS2+PRTG,0.8970499038696289,0.6213769540190697,1,seen1,GEARS
LYL1+CEBPB,0.6040465831756592,0.2899266411259305,1,seen1,GEARS
DUSP9+SNAI1,0.4051944613456726,0.07545241224579513,1,seen1,GEARS
TGFBR2+PRTG,0.3620944321155548,0.03513514716178179,1,seen1,GEARS
FOSB+OSR2,0.684727668762207,0.25555346423061565,1,seen1,GEARS
FOXL2+HOXB9,0.1696680635213852,0.04052199475700036,1,seen1,GEARS
ZBTB10+ELMSAN1,0.4922323524951935,0.1260331906087231,1,seen1,GEARS
ZBTB10+SNAI1,0.5806123614311218,0.1681013145716861,1,seen1,GEARS
CEBPE+CEBPB,0.13249929249286652,0.014545674144756049,1,seen1,GEARS
PRDM1+CBFA2T3,0.7643707990646362,0.31645570730324835,1,seen1,GEARS
FOXA3+FOXL2,0.2742578387260437,0.08275770948966965,1,seen1,GEARS
ZBTB10+DLX2,0.6451942920684814,0.19407436480832985,1,seen1,GEARS
CBL+UBASH3A,0.3230357766151428,0.025603885296732187,1,seen1,GEARS
IGDCC3+PRTG,0.10729333013296127,0.044045197078958154,1,seen1,GEARS
AHR+KLF1,0.48341986536979675,0.4389911851612851,1,seen2,GEARS
CEBPE+CNN1,0.39691293239593506,0.14129205839708447,1,seen2,GEARS
CEBPE+KLF1,1.1395597457885742,0.9058280509198084,1,seen2,GEARS
CNN1+MAPK1,0.8787515759468079,0.4616860697278753,1,seen2,GEARS
ETS2+CEBPE,0.14579617977142334,0.01480528712272644,1,seen2,GEARS
ETS2+CNN1,0.36022043228149414,0.14691416781715816,1,seen2,GEARS
ETS2+MAPK1,0.22261445224285126,0.026154765393584967,1,seen2,GEARS
FEV+ISL2,0.1801481395959854,0.02868214203044772,1,seen2,GEARS
FOSB+CEBPE,0.20124171674251556,0.010934318997897208,1,seen2,GEARS
FOXA1+HOXB9,0.1267993003129959,0.03882957897440065,1,seen2,GEARS
FOXA3+HOXB9,0.10624717175960541,0.038004766567610204,1,seen2,GEARS
KLF1+FOXA1,0.5900130867958069,0.43043951641448075,1,seen2,GEARS
MAP2K3+IKZF3,0.06168833374977112,0.03400889537806506,1,seen2,GEARS
POU3F2+CBFA2T3,0.28844568133354187,0.09395196777768433,1,seen2,GEARS
SNAI1+DLX2,0.5455706119537354,0.21870102688626503,1,seen2,GEARS
TBX3+TBX2,0.33386924862861633,0.198241640837864,1,seen2,GEARS
UBASH3B+PTPN12,0.04450618475675583,0.007141406182199717,1,seen2,GEARS
UBASH3B+ZBTB25,0.07025932520627975,0.024105576403599116,1,seen2,GEARS
ZC3HAV1+HOXC13,0.23758846521377563,0.11953157116658986,1,seen2,GEARS
ctrl+FOXA1,0.4280829131603241,0.17126182094216347,2,single,GEARS
GLB1L2+ctrl,0.8570449948310852,0.34561464929720387,2,single,GEARS
BAK1+ctrl,0.9581854343414307,0.6655779183492996,2,single,GEARS
ctrl+ETS2,1.1065351963043213,1.2246020121965557,2,single,GEARS
SLC6A9+ctrl,0.6579105257987976,0.2004294422804378,2,single,GEARS
HES7+ctrl,0.8412229418754578,0.2573139062151313,2,single,GEARS
FOXO4+ctrl,0.5001367330551147,0.09556450438685715,2,single,GEARS
ctrl+CNN1,0.73922199010849,0.10882601886987686,2,single,GEARS
MAP2K3+ctrl,0.9986764192581177,0.6415852030622773,2,single,GEARS
FOSB+ctrl,0.8823162317276001,0.7476596994110878,2,single,GEARS
MAPK1+ctrl,1.16852867603302,1.6781026880489662,2,single,GEARS
IKZF3+ctrl,0.7576143741607666,0.1223293851071503,2,single,GEARS
CKS1B+ctrl,0.8258580565452576,0.525187706167344,2,single,GEARS
ETS2+ctrl,1.1008036136627197,1.2301034782431088,2,single,GEARS
PRTG+ctrl,0.4816170036792755,0.0611917079295381,2,single,GEARS
BPGM+ctrl,0.7056169509887695,0.1667111085553188,2,single,GEARS
SGK1+ctrl,0.7277791500091553,0.19155773680540733,2,single,GEARS
FOXL2+ctrl,0.7217444777488708,0.46707427338697016,2,single,GEARS
CNN1+ctrl,0.6834933757781982,0.12809679470956326,2,single,GEARS
ctrl+CEBPA,0.41176849603652954,0.030538377352058887,2,single,GEARS
HNF4A+ctrl,0.8711106181144714,0.6898483789154852,2,single,GEARS
ISL2+ctrl,1.962100625038147,1.559809259022586,2,single,GEARS
ctrl+UBASH3A,0.1574545055627823,0.08126533008180559,2,single,GEARS
ctrl+BAK1,0.8804042339324951,0.6370565916586202,2,single,GEARS
ctrl+IKZF3,0.7675772905349731,0.11798815778456628,2,single,GEARS
ctrl+PRTG,0.47447168827056885,0.06679579077172093,2,single,GEARS
CEBPA+ctrl,0.48993030190467834,0.028711193532217294,2,single,GEARS
NIT1+ctrl,0.7905786633491516,0.4172932154033333,2,single,GEARS
FOXA1+ctrl,0.3806808888912201,0.19027580181136727,2,single,GEARS
PTPN13+ctrl,0.8143380284309387,0.4256977618788369,2,single,GEARS
ctrl+MAPK1,1.1665738821029663,1.6787981186644174,2,single,GEARS
UBASH3A+ctrl,0.1956283450126648,0.1231667255051434,2,single,GEARS
ctrl+ISL2,1.7712793350219727,1.5610382567392662,2,single,GEARS
ctrl+SLC38A2,1.1246206760406494,1.0769890774972737,2,single,GEARS
HOXA13+ctrl,0.8124027252197266,0.15259731037076563,2,single,GEARS
ctrl+FOXL2,0.6707738041877747,0.42961101548280567,2,single,GEARS
KIF18B+ctrl,0.6918163299560547,0.3359841768979095,2,single,GEARS
MAP2K3+SLC38A2,1.187475562095642,1.3835172129329294,2,seen0,GEARS
MAPK1+PRTG,0.6605933308601379,0.4579238485894166,2,seen0,GEARS
MAP2K3+IKZF3,0.7966414093971252,0.1071761000675906,2,seen0,GEARS
MAPK1+IKZF3,0.5873939990997314,0.12785170690040104,2,seen0,GEARS
ETS2+CNN1,0.40438270568847656,0.20611512893810868,2,seen0,GEARS
CNN1+MAPK1,0.790611743927002,0.42165599623695016,2,seen0,GEARS
CNN1+UBASH3A,0.7022053003311157,0.23989087622612715,2,seen0,GEARS
ETS2+MAPK1,0.9880148768424988,0.9834759221412241,2,seen0,GEARS
FOXA1+FOXL2,0.1283644437789917,0.04272534791380167,2,seen0,GEARS
ETS2+PRTG,0.3300601840019226,0.15334625291870907,2,seen0,GEARS
ETS2+IKZF3,0.6122875213623047,0.23409741955947538,2,seen0,GEARS
FOSB+IKZF3,0.746462881565094,0.37138841060368577,2,seen0,GEARS
TGFBR2+ETS2,1.4108091592788696,1.1863050009706058,2,seen1,GEARS
SGK1+TBX3,0.23647160828113556,0.025283711060183123,2,seen1,GEARS
FOXA3+FOXA1,0.28133276104927063,0.10649431706406176,2,seen1,GEARS
ETS2+IGDCC3,0.3053939640522003,0.17452250589849427,2,seen1,GEARS
MAP2K6+IKZF3,0.8024395704269409,0.09119565955552389,2,seen1,GEARS
KLF1+FOXA1,0.3024740517139435,0.248873031581752,2,seen1,GEARS
DUSP9+MAPK1,0.8011513948440552,0.2866340189939365,2,seen1,GEARS
DUSP9+ETS2,0.09108921140432358,0.06070787542012113,2,seen1,GEARS
ZNF318+FOXL2,0.2146495282649994,0.10283572887419723,2,seen1,GEARS
KLF1+BAK1,0.06455022096633911,0.055198336673129234,2,seen1,GEARS
IGDCC3+MAPK1,0.9191281795501709,0.6861925025004894,2,seen1,GEARS
JUN+CEBPA,0.5138275623321533,0.049392717774026096,2,seen1,GEARS
UBASH3B+UBASH3A,0.0687994733452797,0.03858472499996424,2,seen1,GEARS
MAP2K3+MAP2K6,0.4677193760871887,0.15127900449442677,2,seen1,GEARS
TMSB4X+BAK1,1.0884819030761719,1.0950998282060027,2,seen1,GEARS
BPGM+SAMD1,0.30871304869651794,0.07843701157253236,2,seen1,GEARS
ETS2+CEBPE,0.15769770741462708,0.02879710029810667,2,seen1,GEARS
POU3F2+FOXL2,0.11072949320077896,0.03819731832481921,2,seen1,GEARS
DUSP9+PRTG,0.1284094601869583,0.027891272795386612,2,seen1,GEARS
KIF18B+KIF2C,0.7317801117897034,0.4404128935857443,2,seen1,GEARS
CEBPB+CEBPA,0.07902548462152481,0.009766507893800735,2,seen1,GEARS
PTPN12+UBASH3A,0.20397377014160156,0.028609659057110548,2,seen1,GEARS
FOXL2+MEIS1,0.19125166535377502,0.10293907346203923,2,seen1,GEARS
MAPK1+TGFBR2,1.2743738889694214,1.4371671595145017,2,seen1,GEARS
FOSB+CEBPE,0.11762402206659317,0.017860235180705786,2,seen1,GEARS
FOSB+CEBPB,0.29428258538246155,0.030561371357180178,2,seen1,GEARS
BCL2L11+BAK1,0.8813942074775696,0.6011190935678314,2,seen1,GEARS
KLF1+CEBPA,0.7140216827392578,0.29992387956008315,2,seen1,GEARS
MAP2K3+ELMSAN1,0.6184671521186829,0.3102757567539811,2,seen1,GEARS
CEBPE+CEBPA,0.09162372350692749,0.020762976608239114,2,seen1,GEARS
CEBPE+CNN1,0.8992915749549866,0.47775524528697133,2,seen1,GEARS
CBL+CNN1,0.2563173174858093,0.047094182402361184,2,seen1,GEARS
UBASH3B+CNN1,0.38334381580352783,0.05815332964994013,2,seen1,GEARS
CEBPB+MAPK1,0.3786773383617401,0.14831348837469704,2,seen1,GEARS
FOSB+UBASH3B,0.9498451352119446,0.7192674708785489,2,seen1,GEARS
SGK1+S1PR2,0.2814585268497467,0.13620448179426603,2,seen1,GEARS
FEV+ISL2,0.11518532782793045,0.0288073995616287,2,seen1,GEARS
FOXA1+HOXB9,0.11830990761518478,0.06826489071318065,2,seen1,GEARS
SGK1+TBX2,0.5394331812858582,0.06751905661076307,2,seen1,GEARS
ETS2+MAP7D1,0.9044354557991028,0.6422619055956602,2,seen1,GEARS
FOXF1+FOXL2,0.2750069200992584,0.10860500481794588,2,seen1,GEARS
TGFBR2+PRTG,0.2244180589914322,0.02127190213650465,2,seen1,GEARS
FOSB+PTPN12,0.30059391260147095,0.17779469621018507,2,seen1,GEARS
FOSB+OSR2,0.4121997356414795,0.05423339639673941,2,seen1,GEARS
FOXL2+HOXB9,0.09318443387746811,0.04536062113766093,2,seen1,GEARS
BPGM+ZBTB1,0.14221951365470886,0.049382300465367734,2,seen1,GEARS
FOXA3+FOXL2,0.22143441438674927,0.10422378435032442,2,seen1,GEARS
ZC3HAV1+CEBPA,0.7215653657913208,0.034651457099244,2,seen1,GEARS
FOXA1+FOXF1,0.22090667486190796,0.07299667317420244,2,seen1,GEARS
CBL+UBASH3A,0.07150246202945709,0.019744640681892633,2,seen1,GEARS
IGDCC3+PRTG,0.07247908413410187,0.02152922283858061,2,seen1,GEARS
C3orf72+FOXL2,0.2880367636680603,0.10798241476004478,2,seen1,GEARS
CDKN1B+CDKN1A,0.10771343111991882,0.05409757056622766,2,seen2,GEARS
CDKN1C+CDKN1A,0.17297038435935974,0.08641286130296066,2,seen2,GEARS
CEBPB+PTPN12,0.38179025053977966,0.033761410508304834,2,seen2,GEARS
CEBPE+RUNX1T1,0.06087757274508476,0.014170604757964611,2,seen2,GEARS
DUSP9+KLF1,0.0948115885257721,0.027751149696996436,2,seen2,GEARS
FEV+MAP7D1,0.1422577202320099,0.026694834348745644,2,seen2,GEARS
FOXA3+FOXF1,0.23661106824874878,0.13695287727750838,2,seen2,GEARS
KLF1+TGFBR2,0.14131830632686615,0.046474378046696074,2,seen2,GEARS
MAP2K6+ELMSAN1,0.4349672496318817,0.2150156666757539,2,seen2,GEARS
PTPN12+PTPN9,0.10922247171401978,0.04480799526209012,2,seen2,GEARS
SAMD1+PTPN12,0.08072210103273392,0.04308966459939256,2,seen2,GEARS
SAMD1+UBASH3B,0.0571606382727623,0.015019319951534271,2,seen2,GEARS
SET+CEBPE,0.36035284399986267,0.15683778235688806,2,seen2,GEARS
SNAI1+DLX2,0.519962728023529,0.3082576186279766,2,seen2,GEARS
UBASH3B+PTPN9,0.10947530716657639,0.03893157764105126,2,seen2,GEARS
ZC3HAV1+HOXC13,0.3782176971435547,0.16488399385707453,2,seen2,GEARS
GLB1L2+ctrl,0.8467373847961426,0.41462976566981524,3,single,GEARS
ctrl+SET,0.9254174828529358,0.5384152910555713,3,single,GEARS
UBASH3B+ctrl,0.5056392550468445,0.1785280887852423,3,single,GEARS
CBFA2T3+ctrl,0.804898738861084,0.4000281980916043,3,single,GEARS
AHR+ctrl,0.8095045685768127,0.3553034719079733,3,single,GEARS
FOXO4+ctrl,0.5119244456291199,0.13587237600586377,3,single,GEARS
ctrl+CBFA2T3,0.808509349822998,0.38736507145222276,3,single,GEARS
ctrl+CNN1,0.8346004486083984,0.3094082017778419,3,single,GEARS
MAP4K3+ctrl,0.3695741295814514,0.12946595319226617,3,single,GEARS
PTPN12+ctrl,0.342273473739624,0.10474719014018774,3,single,GEARS
MAPK1+ctrl,1.0714776515960693,1.3844268522807397,3,single,GEARS
HOXB9+ctrl,0.4477114975452423,0.14491913770325482,3,single,GEARS
ctrl+UBASH3B,0.45971253514289856,0.14376945683034137,3,single,GEARS
ctrl+HOXB9,0.4241681396961212,0.14441006642300636,3,single,GEARS
CKS1B+ctrl,0.9185444712638855,0.6484474266180769,3,single,GEARS
CLDN6+ctrl,0.7390947937965393,0.136646414794086,3,single,GEARS
COL1A1+ctrl,0.7816640138626099,0.22397704259492457,3,single,GEARS
PRTG+ctrl,0.7184152603149414,0.09880622966738883,3,single,GEARS
PLK4+ctrl,0.4279356896877289,0.1657763113034889,3,single,GEARS
ARRDC3+ctrl,0.6057407259941101,0.34031607638462447,3,single,GEARS
LYL1+ctrl,0.7178947925567627,0.27839906158624217,3,single,GEARS
CNN1+ctrl,0.8019580245018005,0.33293497905833647,3,single,GEARS
ctrl+CLDN6,0.7668233513832092,0.15407525515911402,3,single,GEARS
CSRNP1+ctrl,2.6502535343170166,1.7745278089860221,3,single,GEARS
ARID1A+ctrl,0.7971857190132141,0.1956791416159831,3,single,GEARS
NCL+ctrl,1.1988701820373535,0.8721742955240188,3,single,GEARS
SET+ctrl,0.9274159669876099,0.5632354241679423,3,single,GEARS
ctrl+PRTG,0.7119894623756409,0.10040520876646042,3,single,GEARS
ATL1+ctrl,0.6504945158958435,0.10093214517110027,3,single,GEARS
ctrl+MAPK1,1.0671719312667847,1.3658202217775397,3,single,GEARS
CITED1+ctrl,0.593284010887146,0.0779084813548252,3,single,GEARS
ctrl+PTPN12,0.38559281826019287,0.10263700655195862,3,single,GEARS
HK2+ctrl,0.7367814183235168,0.4390990683459677,3,single,GEARS
KIF18B+ctrl,0.7412456274032593,0.4221216816222295,3,single,GEARS
CDKN1C+ctrl,0.6231878399848938,0.13481547377159586,3,single,GEARS
UBASH3B+PTPN12,0.41449204087257385,0.09122254815883934,3,seen0,GEARS
MAPK1+PRTG,0.737621009349823,0.4985748581821099,3,seen0,GEARS
CNN1+MAPK1,0.7929903864860535,0.4670586949214339,3,seen0,GEARS
UBASH3B+CNN1,0.7307705283164978,0.2954989953432232,3,seen0,GEARS
DUSP9+MAPK1,0.7329559922218323,0.30414646468125284,3,seen1,GEARS
UBASH3B+OSR2,0.4970483183860779,0.3294916505255969,3,seen1,GEARS
UBASH3B+ZBTB25,0.2455371767282486,0.0303153538989136,3,seen1,GEARS
SET+CEBPE,0.4710039794445038,0.195251650409773,3,seen1,GEARS
UBASH3B+PTPN9,0.4345569312572479,0.12250216456595808,3,seen1,GEARS
IGDCC3+MAPK1,0.8537728786468506,0.6028796096798033,3,seen1,GEARS
UBASH3B+UBASH3A,0.34245091676712036,0.14029029582161456,3,seen1,GEARS
PTPN12+OSR2,0.7239853143692017,0.4461320557165891,3,seen1,GEARS
DUSP9+PRTG,0.2092057764530182,0.019937810517149046,3,seen1,GEARS
MAPK1+IKZF3,0.16310684382915497,0.11042273165821825,3,seen1,GEARS
KIF18B+KIF2C,0.7278250455856323,0.47159895799995866,3,seen1,GEARS
AHR+KLF1,0.155227392911911,0.04497743980027735,3,seen1,GEARS
PTPN12+UBASH3A,0.4906514286994934,0.1173055290710181,3,seen1,GEARS
ETS2+CNN1,0.8283210396766663,0.4904532751534134,3,seen1,GEARS
MAPK1+TGFBR2,1.1684786081314087,1.35002800548682,3,seen1,GEARS
PTPN12+PTPN9,0.36617153882980347,0.1372217107564211,3,seen1,GEARS
SET+KLF1,0.23161475360393524,0.09460731281433254,3,seen1,GEARS
PTPN12+SNAI1,0.4529598653316498,0.20674066292122006,3,seen1,GEARS
CNN1+UBASH3A,0.742099404335022,0.24816386308521032,3,seen1,GEARS
FOXA3+HOXB9,0.14768728613853455,0.028494829537521582,3,seen1,GEARS
IRF1+SET,0.8323284983634949,0.33272608157858485,3,seen1,GEARS
CEBPE+CNN1,0.7555109262466431,0.43518517553820857,3,seen1,GEARS
CBL+CNN1,0.4041571021080017,0.061059948697220534,3,seen1,GEARS
ZBTB10+PTPN12,0.3670687675476074,0.06378705811403051,3,seen1,GEARS
CBL+UBASH3B,0.2700452506542206,0.022244296211283654,3,seen1,GEARS
FOXF1+HOXB9,0.3126921057701111,0.10085319448262453,3,seen1,GEARS
CEBPB+PTPN12,0.4304307997226715,0.15329607017338276,3,seen1,GEARS
CEBPB+MAPK1,0.3636552393436432,0.1178943783743307,3,seen1,GEARS
FOSB+UBASH3B,0.7977664470672607,0.5781435323879123,3,seen1,GEARS
ETS2+MAPK1,0.8296526074409485,0.3926418203191133,3,seen1,GEARS
SNAI1+UBASH3B,0.5020594596862793,0.2801875619479688,3,seen1,GEARS
CBL+PTPN12,0.18980097770690918,0.035319000598974526,3,seen1,GEARS
CEBPE+PTPN12,0.45914018154144287,0.244608222914394,3,seen1,GEARS
SAMD1+UBASH3B,0.4879639446735382,0.10320882312953472,3,seen1,GEARS
KLF1+CLDN6,0.20064766705036163,0.044946137932129204,3,seen1,GEARS
POU3F2+CBFA2T3,0.28354039788246155,0.11274313158355653,3,seen1,GEARS
FOXA1+HOXB9,0.2028924524784088,0.057320319159771316,3,seen1,GEARS
ETS2+PRTG,0.7506462335586548,0.5010731787187979,3,seen1,GEARS
AHR+FEV,0.35942745208740234,0.05481165973469615,3,seen1,GEARS
FEV+CBFA2T3,0.3613101840019226,0.01763625229068566,3,seen1,GEARS
LYL1+CEBPB,0.4376404285430908,0.17150642559863627,3,seen1,GEARS
PTPN12+ZBTB25,0.20105068385601044,0.04186678573023528,3,seen1,GEARS
TGFBR2+PRTG,0.46388450264930725,0.03908916702494025,3,seen1,GEARS
FOSB+PTPN12,0.5748977065086365,0.3654417532379739,3,seen1,GEARS
SAMD1+PTPN12,0.44723471999168396,0.14829171988822054,3,seen1,GEARS
FOXL2+HOXB9,0.1549244076013565,0.03572289983276278,3,seen1,GEARS
PRDM1+CBFA2T3,0.2652994990348816,0.07178298849612474,3,seen1,GEARS
CDKN1C+CDKN1B,0.3195699453353882,0.1030600347003201,3,seen1,GEARS
CDKN1C+CDKN1A,0.2845999300479889,0.10345422104001045,3,seen1,GEARS
PLK4+STIL,0.4589390754699707,0.24118930965778418,3,seen1,GEARS
IGDCC3+PRTG,0.20437604188919067,0.03762361945700832,3,seen1,GEARS
BCL2L11+BAK1,1.5762207508087158,0.863116182765225,3,seen2,GEARS
BPGM+ZBTB1,0.2115333378314972,0.06869965716032311,3,seen2,GEARS
CEBPB+OSR2,0.2273290753364563,0.05934916588012129,3,seen2,GEARS
CEBPE+RUNX1T1,0.09552954137325287,0.02450508321635425,3,seen2,GEARS
DUSP9+IGDCC3,0.12668345868587494,0.037459483777638525,3,seen2,GEARS
DUSP9+SNAI1,0.31968656182289124,0.0553519839013461,3,seen2,GEARS
ETS2+CEBPE,0.23429183661937714,0.032911812886595726,3,seen2,GEARS
ETS2+IGDCC3,0.3896169066429138,0.1999684230540879,3,seen2,GEARS
FEV+ISL2,0.22476458549499512,0.030636728508397937,3,seen2,GEARS
FOSB+CEBPB,0.4224361181259155,0.07169904134934768,3,seen2,GEARS
FOSB+OSR2,0.509539783000946,0.22699700290104374,3,seen2,GEARS
FOXA3+FOXA1,0.2801608145236969,0.055119755561463535,3,seen2,GEARS
JUN+CEBPA,0.15248015522956848,0.00760183809325099,3,seen2,GEARS
JUN+CEBPB,0.27002763748168945,0.029127299727406353,3,seen2,GEARS
KLF1+CEBPA,0.05958327651023865,0.007383111398667097,3,seen2,GEARS
KLF1+MAP2K6,0.06297089904546738,0.017122262350312667,3,seen2,GEARS
SAMD1+TGFBR2,0.4125576913356781,0.048488137872482184,3,seen2,GEARS
SAMD1+ZBTB1,0.2305913269519806,0.05074816307751462,3,seen2,GEARS
ZBTB10+SNAI1,0.5274940729141235,0.10966785298660398,3,seen2,GEARS
MAML2+ctrl,1.1181282997131348,1.0544376896577887,4,single,GEARS
ctrl+SET,0.8508260250091553,0.29809735470917076,4,single,GEARS
LHX1+ctrl,0.9113188982009888,0.6891088638221845,4,single,GEARS
AHR+ctrl,0.7782827615737915,0.3199284530710429,4,single,GEARS
FOXO4+ctrl,0.6135539412498474,0.14077732583973557,4,single,GEARS
MAP2K3+ctrl,0.6918337941169739,0.38472537230700254,4,single,GEARS
PTPN1+ctrl,0.5037543177604675,0.061711895068583544,4,single,GEARS
HOXB9+ctrl,0.40063297748565674,0.12975647440180182,4,single,GEARS
ctrl+HOXB9,0.37503859400749207,0.12753110053017735,4,single,GEARS
CLDN6+ctrl,0.653552770614624,0.14861820172518492,4,single,GEARS
FOXF1+ctrl,0.6702151894569397,0.4123955175746232,4,single,GEARS
PRTG+ctrl,0.6424189805984497,0.06515941140241921,4,single,GEARS
PLK4+ctrl,0.41094645857810974,0.1789982421323657,4,single,GEARS
C3orf72+ctrl,0.6307515501976013,0.15944107502582483,4,single,GEARS
LYL1+ctrl,0.6520832180976868,0.21281818082206883,4,single,GEARS
IGDCC3+ctrl,0.5907987952232361,0.08875964011531323,4,single,GEARS
TMSB4X+ctrl,1.0136427879333496,0.5833940642914968,4,single,GEARS
KIF2C+ctrl,0.2851184606552124,0.17552792839705944,4,single,GEARS
ctrl+CLDN6,0.6865434646606445,0.1571209145913599,4,single,GEARS
ctrl+KIF2C,0.5338817238807678,0.28314549816423096,4,single,GEARS
ARID1A+ctrl,0.736297607421875,0.20090970100136474,4,single,GEARS
ctrl+UBASH3A,0.18686889111995697,0.09639162456733175,4,single,GEARS
NCL+ctrl,1.2657526731491089,0.7594611452514073,4,single,GEARS
ZC3HAV1+ctrl,1.5429140329360962,1.363121670903638,4,single,GEARS
SET+ctrl,0.8481006622314453,0.31254499731585383,4,single,GEARS
ctrl+SPI1,0.3300608694553375,0.08465194763994077,4,single,GEARS
ctrl+PRTG,0.6375998854637146,0.07303054665680975,4,single,GEARS
ATL1+ctrl,0.5779134631156921,0.06473869393812492,4,single,GEARS
TGFBR2+ctrl,0.47505059838294983,0.19389459997182712,4,single,GEARS
JUN+ctrl,0.6053362488746643,0.31209152983501554,4,single,GEARS
UBASH3A+ctrl,0.20399343967437744,0.119607425724098,4,single,GEARS
ctrl+SNAI1,1.231388807296753,1.102868577814661,4,single,GEARS
ctrl+FOXF1,0.660485029220581,0.4141477351076901,4,single,GEARS
ctrl+IGDCC3,0.5756458044052124,0.08917076780926436,4,single,GEARS
ctrl+TGFBR2,0.4389241635799408,0.20179152593482286,4,single,GEARS
SPI1+ctrl,0.4130673408508301,0.06454495172511088,4,single,GEARS
SNAI1+ctrl,1.2940055131912231,1.0574206682504155,4,single,GEARS
TGFBR2+IGDCC3,0.3941582441329956,0.10223714890889823,4,seen0,GEARS
FOXF1+HOXB9,0.3134922385215759,0.07460564270149916,4,seen0,GEARS
TGFBR2+PRTG,0.41203945875167847,0.07797693880274892,4,seen0,GEARS
IGDCC3+PRTG,0.4062224328517914,0.09697863168548793,4,seen0,GEARS
TGFBR2+ETS2,0.21931776404380798,0.08580904663540423,4,seen1,GEARS
MAP2K6+SPI1,0.43613359332084656,0.20952314347960055,4,seen1,GEARS
ETS2+IGDCC3,1.0593961477279663,0.9201251522754319,4,seen1,GEARS
MAP2K3+SLC38A2,1.2561923265457153,1.172577855451891,4,seen1,GEARS
SET+CEBPE,0.45276710391044617,0.21501929161604494,4,seen1,GEARS
IGDCC3+ZBTB25,0.4389435946941376,0.08808742078690557,4,seen1,GEARS
IGDCC3+MAPK1,0.45040106773376465,0.25564687326550484,4,seen1,GEARS
JUN+CEBPA,0.12194596230983734,0.006732878508046269,4,seen1,GEARS
ZC3HAV1+CEBPE,0.35542887449264526,0.14229519065702334,4,seen1,GEARS
UBASH3B+UBASH3A,0.10595068335533142,0.03828376857563853,4,seen1,GEARS
MAP2K3+MAP2K6,0.8384550213813782,0.5818824924062937,4,seen1,GEARS
MAPK1+PRTG,0.8884699940681458,0.6986173973418772,4,seen1,GEARS
MAP2K3+IKZF3,0.05626312643289566,0.025528620171826333,4,seen1,GEARS
TMSB4X+BAK1,0.9964241981506348,0.7120940855238587,4,seen1,GEARS
DUSP9+PRTG,0.13732002675533295,0.035539671778678894,4,seen1,GEARS
LHX1+ELMSAN1,0.6928721070289612,0.31295936077367514,4,seen1,GEARS
KIF18B+KIF2C,0.6058328747749329,0.3724480069213314,4,seen1,GEARS
BCL2L11+TGFBR2,0.3460017442703247,0.1373761587892659,4,seen1,GEARS
AHR+KLF1,0.26500368118286133,0.15781621693167835,4,seen1,GEARS
PTPN12+UBASH3A,0.3046976327896118,0.04940061364322901,4,seen1,GEARS
MAPK1+TGFBR2,0.13110554218292236,0.04647360276430845,4,seen1,GEARS
SET+KLF1,0.24173639714717865,0.14503949165373342,4,seen1,GEARS
PTPN12+SNAI1,0.49700382351875305,0.22041057923343033,4,seen1,GEARS
CNN1+UBASH3A,0.1933472752571106,0.04441867978312075,4,seen1,GEARS
FOXA3+HOXB9,0.20973950624465942,0.047969150939024985,4,seen1,GEARS
IRF1+SET,0.7873522639274597,0.2566257606376894,4,seen1,GEARS
MAP2K3+ELMSAN1,0.785717785358429,0.4591523358467384,4,seen1,GEARS
ZC3HAV1+HOXC13,0.26194044947624207,0.1208873747382313,4,seen1,GEARS
SNAI1+UBASH3B,0.3565385341644287,0.18738344771554694,4,seen1,GEARS
DUSP9+IGDCC3,0.156235009431839,0.05955966889450792,4,seen1,GEARS
KLF1+CLDN6,0.1846213936805725,0.07556596165522933,4,seen1,GEARS
FOXA1+HOXB9,0.2411166876554489,0.07010035768325906,4,seen1,GEARS
SAMD1+TGFBR2,0.11424747854471207,0.05755026335828006,4,seen1,GEARS
CEBPE+SPI1,0.19950759410858154,0.006979332305490971,4,seen1,GEARS
CBL+TGFBR2,0.10614869743585587,0.059403064427897334,4,seen1,GEARS
FOXF1+FOXL2,0.2718958556652069,0.10776107886340469,4,seen1,GEARS
ETS2+PRTG,1.0266797542572021,0.930626419140026,4,seen1,GEARS
AHR+FEV,0.2952685058116913,0.07569164223968983,4,seen1,GEARS
KLF1+TGFBR2,0.18273988366127014,0.11405291233677417,4,seen1,GEARS
LYL1+CEBPB,0.4588860869407654,0.221137200249359,4,seen1,GEARS
DUSP9+SNAI1,0.3176105320453644,0.11977078393101692,4,seen1,GEARS
FOXL2+HOXB9,0.1593039184808731,0.04878979385830462,4,seen1,GEARS
JUN+CEBPB,0.17185622453689575,0.016376205399865285,4,seen1,GEARS
ZBTB10+SNAI1,0.5389283299446106,0.29144930047914386,4,seen1,GEARS
FOXA3+FOXF1,0.2015872746706009,0.11189742456190288,4,seen1,GEARS
TGFBR2+C19orf26,0.2704402208328247,0.11660065049363766,4,seen1,GEARS
ZC3HAV1+CEBPA,0.08906986564397812,0.007451267447322607,4,seen1,GEARS
FOXA1+FOXF1,0.2437642514705658,0.06975982175208628,4,seen1,GEARS
PLK4+STIL,0.3963235020637512,0.19603607367025688,4,seen1,GEARS
CBL+UBASH3A,0.07267068326473236,0.0148057802580297,4,seen1,GEARS
SNAI1+DLX2,0.824155330657959,0.5676053260712592,4,seen1,GEARS
C3orf72+FOXL2,0.2391463965177536,0.06637380804545501,4,seen1,GEARS
BPGM+SAMD1,0.10874805599451065,0.06452212925069034,4,seen2,GEARS
CBL+CNN1,0.07250139117240906,0.028640700329560786,4,seen2,GEARS
CDKN1C+CDKN1B,0.13521718978881836,0.045846142806112766,4,seen2,GEARS
FOSB+PTPN12,0.6818867921829224,0.3710337749798782,4,seen2,GEARS
FOXA1+FOXL2,0.1789051741361618,0.04548409325070679,4,seen2,GEARS
FOXA3+FOXL2,0.21709898114204407,0.08750126051018015,4,seen2,GEARS
KLF1+BAK1,0.21224693953990936,0.1666643690841738,4,seen2,GEARS
KLF1+COL2A1,0.8026412725448608,0.589244086178951,4,seen2,GEARS
KLF1+MAP2K6,0.13231030106544495,0.04129918621038087,4,seen2,GEARS
POU3F2+CBFA2T3,0.10644032806158066,0.07615369727136567,4,seen2,GEARS
PRDM1+CBFA2T3,0.251914381980896,0.07133974845055491,4,seen2,GEARS
PTPN12+ZBTB25,0.2089359611272812,0.046081422129645944,4,seen2,GEARS
SAMD1+UBASH3B,0.047599244862794876,0.01752716489136219,4,seen2,GEARS
SAMD1+ZBTB1,0.06399054080247879,0.040857834719645325,4,seen2,GEARS
UBASH3B+OSR2,0.8398528695106506,0.6659744367352687,4,seen2,GEARS
UBASH3B+ZBTB25,0.10670910030603409,0.03715539461700246,4,seen2,GEARS
ZBTB10+ELMSAN1,0.4352693557739258,0.147357422451023,4,seen2,GEARS
ZBTB10+PTPN12,0.20967677235603333,0.09094205466408312,4,seen2,GEARS
TSC22D1+ctrl,0.8833743929862976,0.5241993214003742,5,single,GEARS
ctrl+ELMSAN1,0.5826458930969238,0.4063158370554447,5,single,GEARS
KLF1+ctrl,0.8313344717025757,0.574513555446174,5,single,GEARS
ctrl+KLF1,0.8274763226509094,0.5815280270617222,5,single,GEARS
RREB1+ctrl,0.5127056241035461,0.14254399784840643,5,single,GEARS
ctrl+ZBTB25,0.36973002552986145,0.17335513955913484,5,single,GEARS
MAP4K5+ctrl,0.31286653876304626,0.1203369082941208,5,single,GEARS
MIDN+ctrl,0.8075428009033203,0.30170906835701317,5,single,GEARS
DLX2+ctrl,1.1054755449295044,0.9432626510970294,5,single,GEARS
ctrl+RUNX1T1,2.86391019821167,1.3263266608701088,5,single,GEARS
CELF2+ctrl,1.0057650804519653,0.9290815832500812,5,single,GEARS
ZBTB25+ctrl,0.3497264087200165,0.17419804527889937,5,single,GEARS
PTPN1+ctrl,0.4199194610118866,0.05256747313978849,5,single,GEARS
RUNX1T1+ctrl,3.4192006587982178,1.302614162908867,5,single,GEARS
TP73+ctrl,0.7515000700950623,0.1985836485400796,5,single,GEARS
ctrl+MAP7D1,1.1938670873641968,0.5637897460837848,5,single,GEARS
C19orf26+ctrl,0.2823995053768158,0.17051736336725298,5,single,GEARS
IKZF3+ctrl,0.7436788082122803,0.12300629250239581,5,single,GEARS
HOXB9+ctrl,0.34817326068878174,0.1278660173411481,5,single,GEARS
ctrl+HOXB9,0.33491751551628113,0.13682189886458218,5,single,GEARS
ctrl+SAMD1,0.5451893210411072,0.0907300339313224,5,single,GEARS
BPGM+ctrl,0.576996922492981,0.09393364019342698,5,single,GEARS
C3orf72+ctrl,0.6184030771255493,0.18201679491903633,5,single,GEARS
ctrl+DLX2,1.1282106637954712,0.9859983893111348,5,single,GEARS
ctrl+CEBPA,0.7061650156974792,0.08019363530911505,5,single,GEARS
MAP7D1+ctrl,1.1076747179031372,0.5648818742483854,5,single,GEARS
TMSB4X+ctrl,1.0040979385375977,0.6143024313932983,5,single,GEARS
ctrl+C19orf26,0.2879653871059418,0.17753096367232502,5,single,GEARS
ctrl+UBASH3A,0.22234711050987244,0.09535647253505886,5,single,GEARS
ctrl+IKZF3,0.752994954586029,0.11288242084265221,5,single,GEARS
CEBPB+ctrl,0.9119682908058167,0.7990892282687128,5,single,GEARS
CEBPA+ctrl,0.7505053281784058,0.07775989267975092,5,single,GEARS
SAMD1+ctrl,0.5122241973876953,0.07580831146333367,5,single,GEARS
ELMSAN1+ctrl,0.5797761678695679,0.41160567244514823,5,single,GEARS
PTPN13+ctrl,0.8123911619186401,0.3977814787067473,5,single,GEARS
UBASH3A+ctrl,0.21798063814640045,0.11875238898210227,5,single,GEARS
PTPN9+ctrl,0.29079389572143555,0.14234049667720683,5,single,GEARS
ctrl+CEBPB,0.9230023622512817,0.83105490996968,5,single,GEARS
HK2+ctrl,0.4704670310020447,0.2608412794652395,5,single,GEARS
ctrl+PTPN9,0.375887930393219,0.19515037594828755,5,single,GEARS
BPGM+SAMD1,0.4901687800884247,0.13735175074543804,5,seen0,GEARS
CEBPB+CEBPA,0.7207363843917847,0.23455842130351812,5,seen0,GEARS
KLF1+CEBPA,0.768399715423584,0.3294627475552261,5,seen0,GEARS
KLF1+MAP2K6,0.7438651919364929,0.2236009800399188,5,seen1,GEARS
CEBPE+RUNX1T1,0.217841237783432,0.03594828210771084,5,seen1,GEARS
CBL+PTPN9,0.1956407129764557,0.03623860515654087,5,seen1,GEARS
MAP2K6+IKZF3,0.8642640709877014,0.3340028027596418,5,seen1,GEARS
KLF1+FOXA1,0.6757546663284302,0.5134009369066916,5,seen1,GEARS
CEBPE+KLF1,1.1029250621795654,0.8074942566308891,5,seen1,GEARS
UBASH3B+ZBTB25,0.11517010629177094,0.0350471502461005,5,seen1,GEARS
UBASH3B+PTPN9,0.12126825004816055,0.069025429780595,5,seen1,GEARS
IGDCC3+ZBTB25,0.2584902346134186,0.03717292193323374,5,seen1,GEARS
KLF1+BAK1,0.7970149517059326,0.5394793498126091,5,seen1,GEARS
JUN+CEBPA,0.5843281745910645,0.17550853232387453,5,seen1,GEARS
UBASH3B+UBASH3A,0.08969830721616745,0.04855152522213757,5,seen1,GEARS
MAP2K3+IKZF3,0.6825941801071167,0.15058109986421186,5,seen1,GEARS
KLF1+COL2A1,0.6931440830230713,0.35005887658917345,5,seen1,GEARS
TMSB4X+BAK1,1.1115756034851074,0.9410630504135042,5,seen1,GEARS
MAPK1+IKZF3,1.2999922037124634,1.1651646972022718,5,seen1,GEARS
LHX1+ELMSAN1,0.3341931104660034,0.17154089419636875,5,seen1,GEARS
AHR+KLF1,0.6750875115394592,0.6346513628959656,5,seen1,GEARS
PTPN12+UBASH3A,0.2027207314968109,0.03707641735672951,5,seen1,GEARS
FEV+MAP7D1,0.047798752784729004,0.017614479642361403,5,seen1,GEARS
PTPN12+PTPN9,0.13967378437519073,0.07342867081752047,5,seen1,GEARS
FOSB+CEBPB,0.49073365330696106,0.04787026910344139,5,seen1,GEARS
SET+KLF1,0.6292840242385864,0.33241023699520156,5,seen1,GEARS
CNN1+UBASH3A,0.5904542803764343,0.13439817633479834,5,seen1,GEARS
MAP2K6+ELMSAN1,0.931591808795929,0.6424638954922557,5,seen1,GEARS
SAMD1+ZBTB1,0.2500121593475342,0.06986222566774813,5,seen1,GEARS
FOXA3+HOXB9,0.20844756066799164,0.06520288123283535,5,seen1,GEARS
MAP2K3+ELMSAN1,0.9297817945480347,0.7375228041200899,5,seen1,GEARS
CEBPE+CEBPA,0.21384938061237335,0.02778760076034814,5,seen1,GEARS
FOXF1+HOXB9,0.19881263375282288,0.08429195079952478,5,seen1,GEARS
CEBPB+PTPN12,0.5081838965415955,0.23752877485821955,5,seen1,GEARS
CEBPB+MAPK1,0.3449705243110657,0.0362730089109391,5,seen1,GEARS
CEBPB+OSR2,0.5331688523292542,0.07321454570046626,5,seen1,GEARS
DUSP9+KLF1,0.31456229090690613,0.11524300138626131,5,seen1,GEARS
SAMD1+UBASH3B,0.20719796419143677,0.022770283743739128,5,seen1,GEARS
KLF1+CLDN6,0.3083692491054535,0.14930811001977418,5,seen1,GEARS
FOXA1+HOXB9,0.17122693359851837,0.0635119843936991,5,seen1,GEARS
SAMD1+TGFBR2,0.3159347176551819,0.04574393155417056,5,seen1,GEARS
ETS2+MAP7D1,0.6888534426689148,0.13047471642494202,5,seen1,GEARS
KLF1+TGFBR2,0.6367129683494568,0.35828614636557177,5,seen1,GEARS
ETS2+IKZF3,1.0633659362792969,1.3063427857559873,5,seen1,GEARS
LYL1+CEBPB,0.5603660345077515,0.23482016113121063,5,seen1,GEARS
PTPN12+ZBTB25,0.13202708959579468,0.04160553711699322,5,seen1,GEARS
FOSB+IKZF3,1.0038022994995117,0.6419197931973031,5,seen1,GEARS
SAMD1+PTPN12,0.19659048318862915,0.05927695438731462,5,seen1,GEARS
FOXL2+HOXB9,0.10535021871328354,0.040082853607600555,5,seen1,GEARS
ZBTB10+ELMSAN1,0.40691912174224854,0.11376834937254898,5,seen1,GEARS
JUN+CEBPB,0.40477296710014343,0.11490754073020071,5,seen1,GEARS
BPGM+ZBTB1,0.19966423511505127,0.05604077086900361,5,seen1,GEARS
CEBPE+CEBPB,0.19193468987941742,0.0320448562852107,5,seen1,GEARS
TGFBR2+C19orf26,0.25662004947662354,0.09534248139243573,5,seen1,GEARS
ZC3HAV1+CEBPA,0.7120549082756042,0.1294012803118676,5,seen1,GEARS
ZBTB10+DLX2,0.5928802490234375,0.28969519153179135,5,seen1,GEARS
CBL+UBASH3A,0.379996657371521,0.1058301490265876,5,seen1,GEARS
SNAI1+DLX2,0.596205472946167,0.33920869589201175,5,seen1,GEARS
C3orf72+FOXL2,0.20514708757400513,0.0735848882177379,5,seen1,GEARS
CDKN1B+CDKN1A,0.10793319344520569,0.048610873927827924,5,seen2,GEARS
CDKN1C+CDKN1A,0.18487834930419922,0.08140691858716309,5,seen2,GEARS
CEBPE+SPI1,0.02174857258796692,0.0062273102812469006,5,seen2,GEARS
CNN1+MAPK1,0.26010826230049133,0.11132683511823416,5,seen2,GEARS
DUSP9+IGDCC3,0.10554300248622894,0.022588632069528103,5,seen2,GEARS
DUSP9+MAPK1,0.436895489692688,0.10820007417351007,5,seen2,GEARS
FOSB+OSR2,0.23010356724262238,0.07396047093789093,5,seen2,GEARS
FOXA1+FOXF1,0.20797064900398254,0.08008943020831794,5,seen2,GEARS
IRF1+SET,0.65927654504776,0.19115093632717617,5,seen2,GEARS
MAPK1+PRTG,0.7847802639007568,0.3592969330493361,5,seen2,GEARS
POU3F2+FOXL2,0.1138429045677185,0.0506446331855841,5,seen2,GEARS
PRDM1+CBFA2T3,0.2161751240491867,0.06493873754516244,5,seen2,GEARS
SGK1+S1PR2,0.36786192655563354,0.09583525010384619,5,seen2,GEARS
UBASH3B+CNN1,0.4395192265510559,0.06479528115596622,5,seen2,GEARS
UBASH3B+OSR2,0.8741298317909241,0.6107737933052704,5,seen2,GEARS
ZBTB10+PTPN12,0.3004600405693054,0.06498113503403147,5,seen2,GEARS
ZC3HAV1+HOXC13,0.2850647568702698,0.1533058091881685,5,seen2,GEARS
ZNF318+FOXL2,0.21914437413215637,0.11654500060831197,5,seen2,GEARS
